k,s,arm,seed,test,unit,property,pair,stage,rawP,adjP,bhFamily,bhM,direction,gatePassed,forensic,contributed,stat,nullRef,B,subjectsInAllConditions,subjectsInSome,K,measuredNoiseScaleDispersion,cellCorr
0,0,free,0,RSC,overlap,max pairwise top-K overlap,CondA vs CondB,,0.00100000,0.00100000,,,,1,1,1,12,1.2,999,12,0,12,0.2389,0.9907
0,0,free,1,RSC,overlap,max pairwise top-K overlap,CondA vs CondB,,0.00100000,0.00100000,,,,1,1,1,12,1.2,999,12,0,12,0.2740,0.9885
0,0,free,2,RSC,overlap,max pairwise top-K overlap,CondA vs CondB,,0.00100000,0.00100000,,,,1,1,1,12,1.2,999,12,0,12,0.2578,0.9909
0,0,free,3,RSC,overlap,max pairwise top-K overlap,CondA vs CondB,,0.00100000,0.00100000,,,,1,1,1,12,1.2,999,12,0,12,0.2639,0.9927
0,0,free,4,RSC,overlap,max pairwise top-K overlap,CondA vs CondB,,0.00100000,0.00100000,,,,1,1,1,12,1.2,999,12,0,12,0.2682,0.9919
0,0,free,5,RSC,overlap,max pairwise top-K overlap,CondA vs CondB,,0.00100000,0.00100000,,,,1,1,1,12,1.2,999,12,0,12,0.2664,0.9909
0,0,free,6,RSC,overlap,max pairwise top-K overlap,CondA vs CondB,,0.00100000,0.00100000,,,,1,1,1,12,1.2,999,12,0,12,0.2356,0.9905
0,0,free,7,RSC,overlap,max pairwise top-K overlap,CondA vs CondB,,0.00100000,0.00100000,,,,1,1,1,12,1.2,999,12,0,12,0.2943,0.9895
0,0,free,8,RSC,overlap,max pairwise top-K overlap,CondA vs CondB,,0.00100000,0.00100000,,,,1,1,1,12,1.2,999,12,0,12,0.3120,0.9905
0,0,free,9,RSC,overlap,max pairwise top-K overlap,CondA vs CondB,,0.00100000,0.00100000,,,,1,1,1,12,1.2,999,12,0,12,0.2378,0.9914
0,0,free,10,RSC,overlap,max pairwise top-K overlap,CondA vs CondB,,0.00100000,0.00100000,,,,1,1,1,12,1.2,999,12,0,12,0.2289,0.9900
0,0,free,11,RSC,overlap,max pairwise top-K overlap,CondA vs CondB,,0.00100000,0.00100000,,,,1,1,1,12,1.2,999,12,0,12,0.2228,0.9895
0,0,free,12,RSC,overlap,max pairwise top-K overlap,CondA vs CondB,,0.00100000,0.00100000,,,,1,1,1,12,1.2,999,12,0,12,0.2793,0.9925
0,0,free,13,RSC,overlap,max pairwise top-K overlap,CondA vs CondB,,0.00100000,0.00100000,,,,1,1,1,12,1.2,999,12,0,12,0.3100,0.9875
0,0,free,14,RSC,overlap,max pairwise top-K overlap,CondA vs CondB,,0.00100000,0.00100000,,,,1,1,1,12,1.2,999,12,0,12,0.2552,0.9905
0,0,free,15,RSC,overlap,max pairwise top-K overlap,CondA vs CondB,,0.00100000,0.00100000,,,,1,1,1,12,1.2,999,12,0,12,0.2698,0.9898
0,0,free,16,RSC,overlap,max pairwise top-K overlap,CondA vs CondB,,0.00100000,0.00100000,,,,1,1,1,12,1.2,999,12,0,12,0.2153,0.9896
0,0,free,17,RSC,overlap,max pairwise top-K overlap,CondA vs CondB,,0.00100000,0.00100000,,,,1,1,1,12,1.2,999,12,0,12,0.2250,0.9914
0,0,free,18,RSC,overlap,max pairwise top-K overlap,CondA vs CondB,,0.00100000,0.00100000,,,,1,1,1,12,1.2,999,12,0,12,0.2528,0.9892
0,0,free,19,RSC,overlap,max pairwise top-K overlap,CondA vs CondB,,0.00100000,0.00100000,,,,1,1,1,12,1.2,999,12,0,12,0.2996,0.9908
0.1,0,free,0,RSC,overlap,max pairwise top-K overlap,CondA vs CondB,,0.00100000,0.00100000,,,,1,1,1,10,1.2,999,10,4,12,0.2279,0.9840
0.1,0,free,1,RSC,overlap,max pairwise top-K overlap,CondA vs CondB,,0.00100000,0.00100000,,,,1,1,1,12,1.2,999,12,0,12,0.2710,0.9801
0.1,0,free,2,RSC,overlap,max pairwise top-K overlap,CondA vs CondB,,0.00100000,0.00100000,,,,1,1,1,11,1.2,999,11,2,12,0.2444,0.9882
0.1,0,free,3,RSC,overlap,max pairwise top-K overlap,CondA vs CondB,,0.00100000,0.00100000,,,,1,1,1,11,1.2,999,11,2,12,0.2469,0.9877
0.1,0,free,4,RSC,overlap,max pairwise top-K overlap,CondA vs CondB,,0.00100000,0.00100000,,,,1,1,1,11,1.2,999,11,2,12,0.2714,0.9874
0.1,0,free,5,RSC,overlap,max pairwise top-K overlap,CondA vs CondB,,0.00100000,0.00100000,,,,1,1,1,11,1.2,999,11,2,12,0.2653,0.9857
0.1,0,free,6,RSC,overlap,max pairwise top-K overlap,CondA vs CondB,,0.00100000,0.00100000,,,,1,1,1,12,1.2,999,12,0,12,0.2351,0.9862
0.1,0,free,7,RSC,overlap,max pairwise top-K overlap,CondA vs CondB,,0.00100000,0.00100000,,,,1,1,1,11,1.2,999,11,2,12,0.2905,0.9803
0.1,0,free,8,RSC,overlap,max pairwise top-K overlap,CondA vs CondB,,0.00100000,0.00100000,,,,1,1,1,10,1.2,999,10,4,12,0.3124,0.9825
0.1,0,free,9,RSC,overlap,max pairwise top-K overlap,CondA vs CondB,,0.00100000,0.00100000,,,,1,1,1,12,1.2,999,12,0,12,0.2328,0.9851
0.1,0,free,10,RSC,overlap,max pairwise top-K overlap,CondA vs CondB,,0.00100000,0.00100000,,,,1,1,1,11,1.2,999,11,2,12,0.2265,0.9832
0.1,0,free,11,RSC,overlap,max pairwise top-K overlap,CondA vs CondB,,0.00100000,0.00100000,,,,1,1,1,11,1.2,999,11,2,12,0.2205,0.9822
0.1,0,free,12,RSC,overlap,max pairwise top-K overlap,CondA vs CondB,,0.00100000,0.00100000,,,,1,1,1,9,1.2,999,9,6,12,0.2859,0.9864
0.1,0,free,13,RSC,overlap,max pairwise top-K overlap,CondA vs CondB,,0.00100000,0.00100000,,,,1,1,1,10,1.2,999,10,4,12,0.3165,0.9823
0.1,0,free,14,RSC,overlap,max pairwise top-K overlap,CondA vs CondB,,0.00100000,0.00100000,,,,1,1,1,10,1.2,999,10,4,12,0.2596,0.9864
0.1,0,free,15,RSC,overlap,max pairwise top-K overlap,CondA vs CondB,,0.00100000,0.00100000,,,,1,1,1,10,1.2,999,10,4,12,0.2537,0.9849
0.1,0,free,16,RSC,overlap,max pairwise top-K overlap,CondA vs CondB,,0.00100000,0.00100000,,,,1,1,1,10,1.2,999,10,4,12,0.2144,0.9844
0.1,0,free,17,RSC,overlap,max pairwise top-K overlap,CondA vs CondB,,0.00100000,0.00100000,,,,1,1,1,11,1.2,999,11,2,12,0.2320,0.9887
0.1,0,free,18,RSC,overlap,max pairwise top-K overlap,CondA vs CondB,,0.00100000,0.00100000,,,,1,1,1,11,1.2,999,11,2,12,0.2555,0.9834
0.1,0,free,19,RSC,overlap,max pairwise top-K overlap,CondA vs CondB,,0.00100000,0.00100000,,,,1,1,1,11,1.2,999,11,2,12,0.2943,0.9856
0.2,0,free,0,RSC,overlap,max pairwise top-K overlap,CondA vs CondB,,0.00100000,0.00100000,,,,1,1,1,10,1.2,999,10,4,12,0.2174,0.9686
0.2,0,free,1,RSC,overlap,max pairwise top-K overlap,CondA vs CondB,,0.00100000,0.00100000,,,,1,1,1,11,1.2,999,11,2,12,0.2675,0.9581
0.2,0,free,2,RSC,overlap,max pairwise top-K overlap,CondA vs CondB,,0.00100000,0.00100000,,,,1,1,1,11,1.2,999,11,2,12,0.2284,0.9756
0.2,0,free,3,RSC,overlap,max pairwise top-K overlap,CondA vs CondB,,0.00100000,0.00100000,,,,1,1,1,11,1.2,999,11,2,12,0.2288,0.9747
0.2,0,free,4,RSC,overlap,max pairwise top-K overlap,CondA vs CondB,,0.00100000,0.00100000,,,,1,1,1,9,1.2,999,9,6,12,0.2705,0.9741
0.2,0,free,5,RSC,overlap,max pairwise top-K overlap,CondA vs CondB,,0.00100000,0.00100000,,,,1,1,1,9,1.2,999,9,6,12,0.2612,0.9698
0.2,0,free,6,RSC,overlap,max pairwise top-K overlap,CondA vs CondB,,0.00100000,0.00100000,,,,1,1,1,9,1.2,999,9,6,12,0.2289,0.9724
0.2,0,free,7,RSC,overlap,max pairwise top-K overlap,CondA vs CondB,,0.00100000,0.00100000,,,,1,1,1,9,1.2,999,9,6,12,0.2823,0.9586
0.2,0,free,8,RSC,overlap,max pairwise top-K overlap,CondA vs CondB,,0.00100000,0.00100000,,,,1,1,1,8,1.2,999,8,8,12,0.3068,0.9612
0.2,0,free,9,RSC,overlap,max pairwise top-K overlap,CondA vs CondB,,0.00100000,0.00100000,,,,1,1,1,11,1.2,999,11,2,12,0.2269,0.9684
0.2,0,free,10,RSC,overlap,max pairwise top-K overlap,CondA vs CondB,,0.00100000,0.00100000,,,,1,1,1,10,1.2,999,10,4,12,0.2224,0.9652
0.2,0,free,11,RSC,overlap,max pairwise top-K overlap,CondA vs CondB,,0.00100000,0.00100000,,,,1,1,1,10,1.2,999,10,4,12,0.2165,0.9630
0.2,0,free,12,RSC,overlap,max pairwise top-K overlap,CondA vs CondB,,0.00100000,0.00100000,,,,1,1,1,8,1.2,999,8,8,12,0.2892,0.9698
0.2,0,free,13,RSC,overlap,max pairwise top-K overlap,CondA vs CondB,,0.00100000,0.00100000,,,,1,1,1,9,1.2,999,9,6,12,0.3149,0.9650
0.2,0,free,14,RSC,overlap,max pairwise top-K overlap,CondA vs CondB,,0.00100000,0.00100000,,,,1,1,1,9,1.2,999,9,6,12,0.2614,0.9735
0.2,0,free,15,RSC,overlap,max pairwise top-K overlap,CondA vs CondB,,0.00100000,0.00100000,,,,1,1,1,9,1.2,999,9,6,12,0.2316,0.9683
0.2,0,free,16,RSC,overlap,max pairwise top-K overlap,CondA vs CondB,,0.00100000,0.00100000,,,,1,1,1,10,1.2,999,10,4,12,0.2118,0.9685
0.2,0,free,17,RSC,overlap,max pairwise top-K overlap,CondA vs CondB,,0.00100000,0.00100000,,,,1,1,1,10,1.2,999,10,4,12,0.2362,0.9776
0.2,0,free,18,RSC,overlap,max pairwise top-K overlap,CondA vs CondB,,0.00100000,0.00100000,,,,1,1,1,10,1.2,999,10,4,12,0.2570,0.9663
0.2,0,free,19,RSC,overlap,max pairwise top-K overlap,CondA vs CondB,,0.00100000,0.00100000,,,,1,1,1,10,1.2,999,10,4,12,0.2827,0.9729
0.3,0,free,0,RSC,overlap,max pairwise top-K overlap,CondA vs CondB,,0.00100000,0.00100000,,,,1,1,1,9,1.2,999,9,6,12,0.2074,0.9442
0.3,0,free,1,RSC,overlap,max pairwise top-K overlap,CondA vs CondB,,0.00100000,0.00100000,,,,1,1,1,10,1.2,999,10,4,12,0.2630,0.9205
0.3,0,free,2,RSC,overlap,max pairwise top-K overlap,CondA vs CondB,,0.00100000,0.00100000,,,,1,1,1,9,1.2,999,9,6,12,0.2108,0.9522
0.3,0,free,3,RSC,overlap,max pairwise top-K overlap,CondA vs CondB,,0.00100000,0.00100000,,,,1,1,1,9,1.2,999,9,6,12,0.2102,0.9524
0.3,0,free,4,RSC,overlap,max pairwise top-K overlap,CondA vs CondB,,0.00100000,0.00100000,,,,1,1,1,8,1.2,999,8,8,12,0.2645,0.9509
0.3,0,free,5,RSC,overlap,max pairwise top-K overlap,CondA vs CondB,,0.00100000,0.00100000,,,,1,1,1,8,1.2,999,8,8,12,0.2514,0.9436
0.3,0,free,6,RSC,overlap,max pairwise top-K overlap,CondA vs CondB,,0.00100000,0.00100000,,,,1,1,1,7,1.2,999,7,10,12,0.2188,0.9482
0.3,0,free,7,RSC,overlap,max pairwise top-K overlap,CondA vs CondB,,0.00100000,0.00100000,,,,1,1,1,8,1.2,999,8,8,12,0.2704,0.9232
0.3,0,free,8,RSC,overlap,max pairwise top-K overlap,CondA vs CondB,,0.00100000,0.00100000,,,,1,1,1,7,1.2,999,7,10,12,0.2953,0.9261
0.3,0,free,9,RSC,overlap,max pairwise top-K overlap,CondA vs CondB,,0.00100000,0.00100000,,,,1,1,1,10,1.2,999,10,4,12,0.2200,0.9407
0.3,0,free,10,RSC,overlap,max pairwise top-K overlap,CondA vs CondB,,0.00100000,0.00100000,,,,1,1,1,9,1.2,999,9,6,12,0.2161,0.9349
0.3,0,free,11,RSC,overlap,max pairwise top-K overlap,CondA vs CondB,,0.00100000,0.00100000,,,,1,1,1,8,1.2,999,8,8,12,0.2104,0.9311
0.3,0,free,12,RSC,overlap,max pairwise top-K overlap,CondA vs CondB,,0.00100000,0.00100000,,,,1,1,1,7,1.2,999,7,10,12,0.2875,0.9413
0.3,0,free,13,RSC,overlap,max pairwise top-K overlap,CondA vs CondB,,0.00100000,0.00100000,,,,1,1,1,6,1.2,999,6,12,12,0.3038,0.9362
0.3,0,free,14,RSC,overlap,max pairwise top-K overlap,CondA vs CondB,,0.00100000,0.00100000,,,,1,1,1,8,1.2,999,8,8,12,0.2599,0.9513
0.3,0,free,15,RSC,overlap,max pairwise top-K overlap,CondA vs CondB,,0.00100000,0.00100000,,,,1,1,1,8,1.2,999,8,8,12,0.2071,0.9400
0.3,0,free,16,RSC,overlap,max pairwise top-K overlap,CondA vs CondB,,0.00100000,0.00100000,,,,1,1,1,9,1.2,999,9,6,12,0.2071,0.9422
0.3,0,free,17,RSC,overlap,max pairwise top-K overlap,CondA vs CondB,,0.00100000,0.00100000,,,,1,1,1,8,1.2,999,8,8,12,0.2362,0.9582
0.3,0,free,18,RSC,overlap,max pairwise top-K overlap,CondA vs CondB,,0.00100000,0.00100000,,,,1,1,1,9,1.2,999,9,6,12,0.2565,0.9360
0.3,0,free,19,RSC,overlap,max pairwise top-K overlap,CondA vs CondB,,0.00100000,0.00100000,,,,1,1,1,9,1.2,999,9,6,12,0.2652,0.9520
0.4,0,free,0,RSC,overlap,max pairwise top-K overlap,CondA vs CondB,,0.00100000,0.00100000,,,,1,1,1,8,1.2,999,8,8,12,0.1975,0.9099
0.4,0,free,1,RSC,overlap,max pairwise top-K overlap,CondA vs CondB,,0.00100000,0.00100000,,,,1,1,1,8,1.2,999,8,8,12,0.2568,0.8655
0.4,0,free,2,RSC,overlap,max pairwise top-K overlap,CondA vs CondB,,0.00100000,0.00100000,,,,1,1,1,8,1.2,999,8,8,12,0.1918,0.9168
0.4,0,free,3,RSC,overlap,max pairwise top-K overlap,CondA vs CondB,,0.00100000,0.00100000,,,,1,1,1,7,1.2,999,7,10,12,0.1911,0.9192
0.4,0,free,4,RSC,overlap,max pairwise top-K overlap,CondA vs CondB,,0.00100000,0.00100000,,,,1,1,1,6,1.2,999,6,12,12,0.2530,0.9162
0.4,0,free,5,RSC,overlap,max pairwise top-K overlap,CondA vs CondB,,0.00100000,0.00100000,,,,1,1,1,8,1.2,999,8,8,12,0.2342,0.9072
0.4,0,free,6,RSC,overlap,max pairwise top-K overlap,CondA vs CondB,,0.00100000,0.00100000,,,,1,1,1,6,1.2,999,6,12,12,0.2048,0.9123
0.4,0,free,7,RSC,overlap,max pairwise top-K overlap,CondA vs CondB,,0.00100000,0.00100000,,,,1,1,1,8,1.2,999,8,8,12,0.2548,0.8728
0.4,0,free,8,RSC,overlap,max pairwise top-K overlap,CondA vs CondB,,0.00100000,0.00100000,,,,1,1,1,6,1.2,999,6,12,12,0.2777,0.8765
0.4,0,free,9,RSC,overlap,max pairwise top-K overlap,CondA vs CondB,,0.00100000,0.00100000,,,,1,1,1,9,1.2,999,9,6,12,0.2112,0.9008
0.4,0,free,10,RSC,overlap,max pairwise top-K overlap,CondA vs CondB,,0.00100000,0.00100000,,,,1,1,1,6,1.2,999,6,12,12,0.2061,0.8904
0.4,0,free,11,RSC,overlap,max pairwise top-K overlap,CondA vs CondB,,0.00100000,0.00100000,,,,1,1,1,7,1.2,999,7,10,12,0.2017,0.8857
0.4,0,free,12,RSC,overlap,max pairwise top-K overlap,CondA vs CondB,,0.00100000,0.00100000,,,,1,1,1,7,1.2,999,7,10,12,0.2792,0.8994
0.4,0,free,13,RSC,overlap,max pairwise top-K overlap,CondA vs CondB,,0.00100000,0.00100000,,,,1,1,1,6,1.2,999,6,12,12,0.2849,0.8964
0.4,0,free,14,RSC,overlap,max pairwise top-K overlap,CondA vs CondB,,0.00100000,0.00100000,,,,1,1,1,6,1.2,999,6,12,12,0.2541,0.9186
0.4,0,free,15,RSC,overlap,max pairwise top-K overlap,CondA vs CondB,,0.00100000,0.00100000,,,,1,1,1,7,1.2,999,7,10,12,0.1824,0.8998
0.4,0,free,16,RSC,overlap,max pairwise top-K overlap,CondA vs CondB,,0.00100000,0.00100000,,,,1,1,1,8,1.2,999,8,8,12,0.1995,0.9055
0.4,0,free,17,RSC,overlap,max pairwise top-K overlap,CondA vs CondB,,0.00100000,0.00100000,,,,1,1,1,6,1.2,999,6,12,12,0.2305,0.9304
0.4,0,free,18,RSC,overlap,max pairwise top-K overlap,CondA vs CondB,,0.00100000,0.00100000,,,,1,1,1,7,1.2,999,7,10,12,0.2530,0.8896
0.4,0,free,19,RSC,overlap,max pairwise top-K overlap,CondA vs CondB,,0.00100000,0.00100000,,,,1,1,1,8,1.2,999,8,8,12,0.2438,0.9219
0.5,0,free,0,RSC,overlap,max pairwise top-K overlap,CondA vs CondB,,0.00100000,0.00100000,,,,1,1,1,7,1.2,999,7,10,12,0.1869,0.8641
0.5,0,free,1,RSC,overlap,max pairwise top-K overlap,CondA vs CondB,,0.00100000,0.00100000,,,,1,1,1,6,1.2,999,6,12,12,0.2480,0.7909
0.5,0,free,2,RSC,overlap,max pairwise top-K overlap,CondA vs CondB,,0.00100000,0.00100000,,,,1,1,1,7,1.2,999,7,10,12,0.1714,0.8677
0.5,0,free,3,RSC,overlap,max pairwise top-K overlap,CondA vs CondB,,0.0130000,0.0130000,,,,1,1,1,4,1.2,999,4,16,12,0.1709,0.8722
0.5,0,free,4,RSC,overlap,max pairwise top-K overlap,CondA vs CondB,,0.00200000,0.00200000,,,,1,1,1,5,1.2,999,5,14,12,0.2361,0.8676
0.5,0,free,5,RSC,overlap,max pairwise top-K overlap,CondA vs CondB,,0.00200000,0.00200000,,,,1,1,1,6,1.2,999,6,12,12,0.2108,0.8600
0.5,0,free,6,RSC,overlap,max pairwise top-K overlap,CondA vs CondB,,0.00200000,0.00200000,,,,1,1,1,5,1.2,999,5,14,12,0.1863,0.8628
0.5,0,free,7,RSC,overlap,max pairwise top-K overlap,CondA vs CondB,,0.00100000,0.00100000,,,,1,1,1,7,1.2,999,7,10,12,0.2355,0.8061
0.5,0,free,8,RSC,overlap,max pairwise top-K overlap,CondA vs CondB,,0.00100000,0.00100000,,,,1,1,1,6,1.2,999,6,12,12,0.2539,0.8113
0.5,0,free,9,RSC,overlap,max pairwise top-K overlap,CondA vs CondB,,0.00100000,0.00100000,,,,1,1,1,7,1.2,999,7,10,12,0.1996,0.8470
0.5,0,free,10,RSC,overlap,max pairwise top-K overlap,CondA vs CondB,,0.00400000,0.00400000,,,,1,1,1,5,1.2,999,5,14,12,0.1909,0.8296
0.5,0,free,11,RSC,overlap,max pairwise top-K overlap,CondA vs CondB,,0.00300000,0.00300000,,,,1,1,1,5,1.2,999,5,14,12,0.1905,0.8258
0.5,0,free,12,RSC,overlap,max pairwise top-K overlap,CondA vs CondB,,0.00100000,0.00100000,,,,1,1,1,6,1.2,999,6,12,12,0.2639,0.8419
0.5,0,free,13,RSC,overlap,max pairwise top-K overlap,CondA vs CondB,,0.00100000,0.00100000,,,,1,1,1,6,1.2,999,6,12,12,0.2618,0.8453
0.5,0,free,14,RSC,overlap,max pairwise top-K overlap,CondA vs CondB,,0.00100000,0.00100000,,,,1,1,1,6,1.2,999,6,12,12,0.2431,0.8736
0.5,0,free,15,RSC,overlap,max pairwise top-K overlap,CondA vs CondB,,0.00100000,0.00100000,,,,1,1,1,7,1.2,999,7,10,12,0.1577,0.8469
0.5,0,free,16,RSC,overlap,max pairwise top-K overlap,CondA vs CondB,,0.00100000,0.00100000,,,,1,1,1,7,1.2,999,7,10,12,0.1886,0.8574
0.5,0,free,17,RSC,overlap,max pairwise top-K overlap,CondA vs CondB,,0.00100000,0.00100000,,,,1,1,1,6,1.2,999,6,12,12,0.2185,0.8933
0.5,0,free,18,RSC,overlap,max pairwise top-K overlap,CondA vs CondB,,0.00100000,0.00100000,,,,1,1,1,7,1.2,999,7,10,12,0.2452,0.8239
0.5,0,free,19,RSC,overlap,max pairwise top-K overlap,CondA vs CondB,,0.00100000,0.00100000,,,,1,1,1,8,1.2,999,8,8,12,0.2205,0.8810
0.65,0,free,0,RSC,overlap,max pairwise top-K overlap,CondA vs CondB,,0.00200000,0.00200000,,,,1,1,1,6,1.2,999,6,12,12,0.1673,0.7680
0.65,0,free,1,RSC,overlap,max pairwise top-K overlap,CondA vs CondB,,0.00400000,0.00400000,,,,1,1,1,5,1.2,999,5,14,12,0.2291,0.6371
0.65,0,free,2,RSC,overlap,max pairwise top-K overlap,CondA vs CondB,,0.00300000,0.00300000,,,,1,1,1,5,1.2,999,5,14,12,0.1364,0.7612
0.65,0,free,3,RSC,overlap,max pairwise top-K overlap,CondA vs CondB,,0.105000,0.105000,,,,1,1,1,3,1.2,999,3,18,12,0.1367,0.7665
0.65,0,free,4,RSC,overlap,max pairwise top-K overlap,CondA vs CondB,,0.00500000,0.00500000,,,,1,1,1,5,1.2,999,5,14,12,0.2011,0.7602
0.65,0,free,5,RSC,overlap,max pairwise top-K overlap,CondA vs CondB,,0.0230000,0.0230000,,,,1,1,1,4,1.2,999,4,16,12,0.1697,0.7654
0.65,0,free,6,RSC,overlap,max pairwise top-K overlap,CondA vs CondB,,0.0200000,0.0200000,,,,1,1,1,4,1.2,999,4,16,12,0.1478,0.7558
0.65,0,free,7,RSC,overlap,max pairwise top-K overlap,CondA vs CondB,,0.100000,0.100000,,,,1,1,1,3,1.2,999,3,18,12,0.1982,0.6702
0.65,0,free,8,RSC,overlap,max pairwise top-K overlap,CondA vs CondB,,0.0140000,0.0140000,,,,1,1,1,4,1.2,999,4,16,12,0.2065,0.6809
0.65,0,free,9,RSC,overlap,max pairwise top-K overlap,CondA vs CondB,,0.00100000,0.00100000,,,,1,1,1,6,1.2,999,6,12,12,0.1759,0.7340
0.65,0,free,10,RSC,overlap,max pairwise top-K overlap,CondA vs CondB,,0.103000,0.103000,,,,1,1,1,3,1.2,999,3,18,12,0.1544,0.7007
0.65,0,free,11,RSC,overlap,max pairwise top-K overlap,CondA vs CondB,,0.0920000,0.0920000,,,,1,1,1,3,1.2,999,3,18,12,0.1695,0.7043
0.65,0,free,12,RSC,overlap,max pairwise top-K overlap,CondA vs CondB,,0.00100000,0.00100000,,,,1,1,1,6,1.2,999,6,12,12,0.2295,0.7194
0.65,0,free,13,RSC,overlap,max pairwise top-K overlap,CondA vs CondB,,0.0100000,0.0100000,,,,1,1,1,4,1.2,999,4,16,12,0.2232,0.7455
0.65,0,free,14,RSC,overlap,max pairwise top-K overlap,CondA vs CondB,,0.00500000,0.00500000,,,,1,1,1,5,1.2,999,5,14,12,0.2168,0.7763
0.65,0,free,15,RSC,overlap,max pairwise top-K overlap,CondA vs CondB,,0.00100000,0.00100000,,,,1,1,1,6,1.2,999,6,12,12,0.1171,0.7401
0.65,0,free,16,RSC,overlap,max pairwise top-K overlap,CondA vs CondB,,0.00500000,0.00500000,,,,1,1,1,5,1.2,999,5,14,12,0.1653,0.7602
0.65,0,free,17,RSC,overlap,max pairwise top-K overlap,CondA vs CondB,,0.116000,0.116000,,,,1,1,1,3,1.2,999,3,18,12,0.1885,0.8160
0.65,0,free,18,RSC,overlap,max pairwise top-K overlap,CondA vs CondB,,0.00300000,0.00300000,,,,1,1,1,5,1.2,999,5,14,12,0.2232,0.6796
0.65,0,free,19,RSC,overlap,max pairwise top-K overlap,CondA vs CondB,,0.00100000,0.00100000,,,,1,1,1,7,1.2,999,7,10,12,0.1838,0.7921
0.8,0,free,0,RSC,overlap,max pairwise top-K overlap,CondA vs CondB,,0.0190000,0.0190000,,,,1,1,1,4,1.2,999,4,16,12,0.1394,0.6205
0.8,0,free,1,RSC,overlap,max pairwise top-K overlap,CondA vs CondB,,0.0270000,0.0270000,,,,1,1,1,4,1.2,999,4,16,12,0.2019,0.4209
0.8,0,free,2,RSC,overlap,max pairwise top-K overlap,CondA vs CondB,,0.0230000,0.0230000,,,,1,1,1,4,1.2,999,4,16,12,0.09256,0.5964
0.8,0,free,3,RSC,overlap,max pairwise top-K overlap,CondA vs CondB,,0.330000,0.330000,,,,1,1,1,2,1.2,999,2,20,12,0.09425,0.5922
0.8,0,free,4,RSC,overlap,max pairwise top-K overlap,CondA vs CondB,,0.0160000,0.0160000,,,,1,1,1,4,1.2,999,4,16,12,0.1533,0.5880
0.8,0,free,5,RSC,overlap,max pairwise top-K overlap,CondA vs CondB,,0.0240000,0.0240000,,,,1,1,1,4,1.2,999,4,16,12,0.1259,0.6289
0.8,0,free,6,RSC,overlap,max pairwise top-K overlap,CondA vs CondB,,0.751000,0.751000,,,,1,1,1,1,1.2,999,1,22,12,0.08760,0.5900
0.8,0,free,7,RSC,overlap,max pairwise top-K overlap,CondA vs CondB,,0.332000,0.332000,,,,1,1,1,2,1.2,999,2,20,12,0.1484,0.4782
0.8,0,free,8,RSC,overlap,max pairwise top-K overlap,CondA vs CondB,,0.0150000,0.0150000,,,,1,1,1,4,1.2,999,4,16,12,0.1434,0.4997
0.8,0,free,9,RSC,overlap,max pairwise top-K overlap,CondA vs CondB,,0.0190000,0.0190000,,,,1,1,1,4,1.2,999,4,16,12,0.1430,0.5644
0.8,0,free,10,RSC,overlap,max pairwise top-K overlap,CondA vs CondB,,0.0990000,0.0990000,,,,1,1,1,3,1.2,999,3,18,12,0.09310,0.5085
0.8,0,free,11,RSC,overlap,max pairwise top-K overlap,CondA vs CondB,,0.0750000,0.0750000,,,,1,1,1,3,1.2,999,3,18,12,0.1448,0.5321
0.8,0,free,12,RSC,overlap,max pairwise top-K overlap,CondA vs CondB,,0.110000,0.110000,,,,1,1,1,3,1.2,999,3,18,12,0.1840,0.5356
0.8,0,free,13,RSC,overlap,max pairwise top-K overlap,CondA vs CondB,,0.0990000,0.0990000,,,,1,1,1,3,1.2,999,3,18,12,0.1796,0.6065
0.8,0,free,14,RSC,overlap,max pairwise top-K overlap,CondA vs CondB,,0.104000,0.104000,,,,1,1,1,3,1.2,999,3,18,12,0.1792,0.6226
0.8,0,free,15,RSC,overlap,max pairwise top-K overlap,CondA vs CondB,,0.0140000,0.0140000,,,,1,1,1,4,1.2,999,4,16,12,0.05348,0.5874
0.8,0,free,16,RSC,overlap,max pairwise top-K overlap,CondA vs CondB,,0.0360000,0.0360000,,,,1,1,1,4,1.2,999,4,16,12,0.1309,0.6187
0.8,0,free,17,RSC,overlap,max pairwise top-K overlap,CondA vs CondB,,0.0940000,0.0940000,,,,1,1,1,3,1.2,999,3,18,12,0.1443,0.6981
0.8,0,free,18,RSC,overlap,max pairwise top-K overlap,CondA vs CondB,,0.00300000,0.00300000,,,,1,1,1,5,1.2,999,5,14,12,0.1885,0.4606
0.8,0,free,19,RSC,overlap,max pairwise top-K overlap,CondA vs CondB,,0.0900000,0.0900000,,,,1,1,1,3,1.2,999,3,18,12,0.1436,0.6495
0.9,0,free,0,RSC,overlap,max pairwise top-K overlap,CondA vs CondB,,0.109000,0.109000,,,,1,1,1,3,1.2,999,3,18,12,0.1111,0.4643
0.9,0,free,1,RSC,overlap,max pairwise top-K overlap,CondA vs CondB,,0.118000,0.118000,,,,1,1,1,3,1.2,999,3,18,12,0.1768,0.2228
0.9,0,free,2,RSC,overlap,max pairwise top-K overlap,CondA vs CondB,,0.346000,0.346000,,,,1,1,1,2,1.2,999,2,20,12,0.05571,0.4251
0.9,0,free,3,RSC,overlap,max pairwise top-K overlap,CondA vs CondB,,0.726000,0.726000,,,,1,1,1,1,1.2,999,1,22,12,0.05720,0.4013
0.9,0,free,4,RSC,overlap,max pairwise top-K overlap,CondA vs CondB,,0.108000,0.108000,,,,1,1,1,3,1.2,999,3,18,12,0.1111,0.4037
0.9,0,free,5,RSC,overlap,max pairwise top-K overlap,CondA vs CondB,,0.115000,0.115000,,,,1,1,1,3,1.2,999,3,18,12,0.09723,0.4914
0.9,0,free,6,RSC,overlap,max pairwise top-K overlap,CondA vs CondB,,0.729000,0.729000,,,,1,1,1,1,1.2,999,1,22,12,0.000,0.4174
0.9,0,free,7,RSC,overlap,max pairwise top-K overlap,CondA vs CondB,,0.747000,0.747000,,,,1,1,1,1,1.2,999,1,22,12,0.1036,0.2973
0.9,0,free,8,RSC,overlap,max pairwise top-K overlap,CondA vs CondB,,0.104000,0.104000,,,,1,1,1,3,1.2,999,3,18,12,0.08395,0.3300
0.9,0,free,9,RSC,overlap,max pairwise top-K overlap,CondA vs CondB,,0.00200000,0.00200000,,,,1,1,1,5,1.2,999,5,14,12,0.1130,0.3928
0.9,0,free,10,RSC,overlap,max pairwise top-K overlap,CondA vs CondB,,0.342000,0.342000,,,,1,1,1,2,1.2,999,2,20,12,0.000,0.3192
0.9,0,free,11,RSC,overlap,max pairwise top-K overlap,CondA vs CondB,,0.749000,0.749000,,,,1,1,1,1,1.2,999,1,22,12,0.1287,0.3669
0.9,0,free,12,RSC,overlap,max pairwise top-K overlap,CondA vs CondB,,1.00000,1.00000,,,,1,1,1,0,1.2,999,0,24,12,0.1464,0.3530
0.9,0,free,13,RSC,overlap,max pairwise top-K overlap,CondA vs CondB,,0.353000,0.353000,,,,1,1,1,2,1.2,999,2,20,12,0.1440,0.4713
0.9,0,free,14,RSC,overlap,max pairwise top-K overlap,CondA vs CondB,,0.343000,0.343000,,,,1,1,1,2,1.2,999,2,20,12,0.1469,0.4576
0.9,0,free,15,RSC,overlap,max pairwise top-K overlap,CondA vs CondB,,0.340000,0.340000,,,,1,1,1,2,1.2,999,2,20,12,0.000,0.4374
0.9,0,free,16,RSC,overlap,max pairwise top-K overlap,CondA vs CondB,,0.116000,0.116000,,,,1,1,1,3,1.2,999,3,18,12,0.09627,0.4754
0.9,0,free,17,RSC,overlap,max pairwise top-K overlap,CondA vs CondB,,0.354000,0.354000,,,,1,1,1,2,1.2,999,2,20,12,0.1037,0.5717
0.9,0,free,18,RSC,overlap,max pairwise top-K overlap,CondA vs CondB,,0.00200000,0.00200000,,,,1,1,1,5,1.2,999,5,14,12,0.1599,0.2484
0.9,0,free,19,RSC,overlap,max pairwise top-K overlap,CondA vs CondB,,0.0260000,0.0260000,,,,1,1,1,4,1.2,999,4,16,12,0.1112,0.4921
1,0,free,0,RSC,overlap,max pairwise top-K overlap,CondA vs CondB,,0.106000,0.106000,,,,1,1,1,3,1.2,999,3,18,12,0.05248,0.02617
1,0,free,1,RSC,overlap,max pairwise top-K overlap,CondA vs CondB,,0.324000,0.324000,,,,1,1,1,2,1.2,999,2,20,12,0.1372,-0.2046
1,0,free,2,RSC,overlap,max pairwise top-K overlap,CondA vs CondB,,1.00000,1.00000,,,,1,1,1,0,1.2,999,0,24,12,0.06088,-0.02775
1,0,free,3,RSC,overlap,max pairwise top-K overlap,CondA vs CondB,,0.322000,0.322000,,,,1,1,1,2,1.2,999,2,20,12,0.03847,-0.1080
1,0,free,4,RSC,overlap,max pairwise top-K overlap,CondA vs CondB,,0.747000,0.747000,,,,1,1,1,1,1.2,999,1,22,12,0.03449,-0.08476
1,0,free,5,RSC,overlap,max pairwise top-K overlap,CondA vs CondB,,0.725000,0.725000,,,,1,1,1,1,1.2,999,1,22,12,0.08346,0.1131
1,0,free,6,RSC,overlap,max pairwise top-K overlap,CondA vs CondB,,1.00000,1.00000,,,,1,1,1,0,1.2,999,0,24,12,0.000,-0.03642
1,0,free,7,RSC,overlap,max pairwise top-K overlap,CondA vs CondB,,0.347000,0.347000,,,,1,1,1,2,1.2,999,2,20,12,0.02391,-0.1197
1,0,free,8,RSC,overlap,max pairwise top-K overlap,CondA vs CondB,,0.346000,0.346000,,,,1,1,1,2,1.2,999,2,20,12,0.000,-0.06878
1,0,free,9,RSC,overlap,max pairwise top-K overlap,CondA vs CondB,,0.0880000,0.0880000,,,,1,1,1,3,1.2,999,3,18,12,0.06065,-0.04622
1,0,free,10,RSC,overlap,max pairwise top-K overlap,CondA vs CondB,,0.734000,0.734000,,,,1,1,1,1,1.2,999,1,22,12,0.000,-0.1306
1,0,free,11,RSC,overlap,max pairwise top-K overlap,CondA vs CondB,,0.737000,0.737000,,,,1,1,1,1,1.2,999,1,22,12,0.1257,-0.03369
1,0,free,12,RSC,overlap,max pairwise top-K overlap,CondA vs CondB,,1.00000,1.00000,,,,1,1,1,0,1.2,999,0,24,12,0.09219,-0.09022
1,0,free,13,RSC,overlap,max pairwise top-K overlap,CondA vs CondB,,1.00000,1.00000,,,,1,1,1,0,1.2,999,0,24,12,0.08972,0.1138
1,0,free,14,RSC,overlap,max pairwise top-K overlap,CondA vs CondB,,0.355000,0.355000,,,,1,1,1,2,1.2,999,2,20,12,0.09437,-0.003160
1,0,free,15,RSC,overlap,max pairwise top-K overlap,CondA vs CondB,,0.316000,0.316000,,,,1,1,1,2,1.2,999,2,20,12,0.000,0.04881
1,0,free,16,RSC,overlap,max pairwise top-K overlap,CondA vs CondB,,0.728000,0.728000,,,,1,1,1,1,1.2,999,1,22,12,0.000,0.08232
1,0,free,17,RSC,overlap,max pairwise top-K overlap,CondA vs CondB,,0.725000,0.725000,,,,1,1,1,1,1.2,999,1,22,12,0.007003,0.1876
1,0,free,18,RSC,overlap,max pairwise top-K overlap,CondA vs CondB,,0.0290000,0.0290000,,,,1,1,1,4,1.2,999,4,16,12,0.1376,-0.2204
1,0,free,19,RSC,overlap,max pairwise top-K overlap,CondA vs CondB,,0.348000,0.348000,,,,1,1,1,2,1.2,999,2,20,12,0.06397,0.02972
1,0,paired,0,RSC,overlap,max pairwise top-K overlap,CondA vs CondB,,0.947000,0.947000,,,,1,1,1,3,1.2,999,3,18,12,0.05248,0.02617
1,0,paired,1,RSC,overlap,max pairwise top-K overlap,CondA vs CondB,,0.769000,0.769000,,,,1,1,1,2,1.2,999,2,20,12,0.1372,-0.2046
1,0,paired,2,RSC,overlap,max pairwise top-K overlap,CondA vs CondB,,1.00000,1.00000,,,,1,1,1,0,1.2,999,0,24,12,0.06088,-0.02775
1,0,paired,3,RSC,overlap,max pairwise top-K overlap,CondA vs CondB,,0.967000,0.967000,,,,1,1,1,2,1.2,999,2,20,12,0.03847,-0.1080
1,0,paired,4,RSC,overlap,max pairwise top-K overlap,CondA vs CondB,,1.00000,1.00000,,,,1,1,1,1,1.2,999,1,22,12,0.03449,-0.08476
1,0,paired,5,RSC,overlap,max pairwise top-K overlap,CondA vs CondB,,0.965000,0.965000,,,,1,1,1,1,1.2,999,1,22,12,0.08346,0.1131
1,0,paired,6,RSC,overlap,max pairwise top-K overlap,CondA vs CondB,,1.00000,1.00000,,,,1,1,1,0,1.2,999,0,24,12,0.000,-0.03642
1,0,paired,7,RSC,overlap,max pairwise top-K overlap,CondA vs CondB,,0.718000,0.718000,,,,1,1,1,2,1.2,999,2,20,12,0.02391,-0.1197
1,0,paired,8,RSC,overlap,max pairwise top-K overlap,CondA vs CondB,,0.444000,0.444000,,,,1,1,1,2,1.2,999,2,20,12,0.000,-0.06878
1,0,paired,9,RSC,overlap,max pairwise top-K overlap,CondA vs CondB,,0.974000,0.974000,,,,1,1,1,3,1.2,999,3,18,12,0.06065,-0.04622
1,0,paired,10,RSC,overlap,max pairwise top-K overlap,CondA vs CondB,,1.00000,1.00000,,,,1,1,1,1,1.2,999,1,22,12,0.000,-0.1306
1,0,paired,11,RSC,overlap,max pairwise top-K overlap,CondA vs CondB,,1.00000,1.00000,,,,1,1,1,1,1.2,999,1,22,12,0.1257,-0.03369
1,0,paired,12,RSC,overlap,max pairwise top-K overlap,CondA vs CondB,,1.00000,1.00000,,,,1,1,1,0,1.2,999,0,24,12,0.09219,-0.09022
1,0,paired,13,RSC,overlap,max pairwise top-K overlap,CondA vs CondB,,1.00000,1.00000,,,,1,1,1,0,1.2,999,0,24,12,0.08972,0.1138
1,0,paired,14,RSC,overlap,max pairwise top-K overlap,CondA vs CondB,,0.999000,0.999000,,,,1,1,1,2,1.2,999,2,20,12,0.09437,-0.003160
1,0,paired,15,RSC,overlap,max pairwise top-K overlap,CondA vs CondB,,1.00000,1.00000,,,,1,1,1,2,1.2,999,2,20,12,0.000,0.04881
1,0,paired,16,RSC,overlap,max pairwise top-K overlap,CondA vs CondB,,0.792000,0.792000,,,,1,1,1,1,1.2,999,1,22,12,0.000,0.08232
1,0,paired,17,RSC,overlap,max pairwise top-K overlap,CondA vs CondB,,0.940000,0.940000,,,,1,1,1,1,1.2,999,1,22,12,0.007003,0.1876
1,0,paired,18,RSC,overlap,max pairwise top-K overlap,CondA vs CondB,,0.762000,0.762000,,,,1,1,1,4,1.2,999,4,16,12,0.1376,-0.2204
1,0,paired,19,RSC,overlap,max pairwise top-K overlap,CondA vs CondB,,0.712000,0.712000,,,,1,1,1,2,1.2,999,2,20,12,0.06397,0.02972
0,0.15,free,0,RSC,overlap,max pairwise top-K overlap,CondA vs CondB,,0.00100000,0.00100000,,,,1,1,1,12,1.2,999,12,0,12,0.2779,0.9900
0,0.15,free,1,RSC,overlap,max pairwise top-K overlap,CondA vs CondB,,0.00100000,0.00100000,,,,1,1,1,12,1.2,999,12,0,12,0.2955,0.9910
0,0.15,free,2,RSC,overlap,max pairwise top-K overlap,CondA vs CondB,,0.00100000,0.00100000,,,,1,1,1,12,1.2,999,12,0,12,0.2631,0.9855
0,0.15,free,3,RSC,overlap,max pairwise top-K overlap,CondA vs CondB,,0.00100000,0.00100000,,,,1,1,1,12,1.2,999,12,0,12,0.3302,0.9909
0,0.15,free,4,RSC,overlap,max pairwise top-K overlap,CondA vs CondB,,0.00100000,0.00100000,,,,1,1,1,12,1.2,999,12,0,12,0.2581,0.9913
0,0.15,free,5,RSC,overlap,max pairwise top-K overlap,CondA vs CondB,,0.00100000,0.00100000,,,,1,1,1,12,1.2,999,12,0,12,0.3021,0.9912
0,0.15,free,6,RSC,overlap,max pairwise top-K overlap,CondA vs CondB,,0.00100000,0.00100000,,,,1,1,1,12,1.2,999,12,0,12,0.2711,0.9883
0,0.15,free,7,RSC,overlap,max pairwise top-K overlap,CondA vs CondB,,0.00100000,0.00100000,,,,1,1,1,12,1.2,999,12,0,12,0.2730,0.9910
0,0.15,free,8,RSC,overlap,max pairwise top-K overlap,CondA vs CondB,,0.00100000,0.00100000,,,,1,1,1,12,1.2,999,12,0,12,0.3508,0.9897
0,0.15,free,9,RSC,overlap,max pairwise top-K overlap,CondA vs CondB,,0.00100000,0.00100000,,,,1,1,1,12,1.2,999,12,0,12,0.2819,0.9918
0,0.15,free,10,RSC,overlap,max pairwise top-K overlap,CondA vs CondB,,0.00100000,0.00100000,,,,1,1,1,12,1.2,999,12,0,12,0.2655,0.9895
0,0.15,free,11,RSC,overlap,max pairwise top-K overlap,CondA vs CondB,,0.00100000,0.00100000,,,,1,1,1,12,1.2,999,12,0,12,0.3257,0.9877
0,0.15,free,12,RSC,overlap,max pairwise top-K overlap,CondA vs CondB,,0.00100000,0.00100000,,,,1,1,1,12,1.2,999,12,0,12,0.3401,0.9909
0,0.15,free,13,RSC,overlap,max pairwise top-K overlap,CondA vs CondB,,0.00100000,0.00100000,,,,1,1,1,12,1.2,999,12,0,12,0.3073,0.9911
0,0.15,free,14,RSC,overlap,max pairwise top-K overlap,CondA vs CondB,,0.00100000,0.00100000,,,,1,1,1,12,1.2,999,12,0,12,0.3577,0.9910
0,0.15,free,15,RSC,overlap,max pairwise top-K overlap,CondA vs CondB,,0.00100000,0.00100000,,,,1,1,1,12,1.2,999,12,0,12,0.3076,0.9915
0,0.15,free,16,RSC,overlap,max pairwise top-K overlap,CondA vs CondB,,0.00100000,0.00100000,,,,1,1,1,12,1.2,999,12,0,12,0.2782,0.9903
0,0.15,free,17,RSC,overlap,max pairwise top-K overlap,CondA vs CondB,,0.00100000,0.00100000,,,,1,1,1,12,1.2,999,12,0,12,0.2716,0.9911
0,0.15,free,18,RSC,overlap,max pairwise top-K overlap,CondA vs CondB,,0.00100000,0.00100000,,,,1,1,1,12,1.2,999,12,0,12,0.3212,0.9895
0,0.15,free,19,RSC,overlap,max pairwise top-K overlap,CondA vs CondB,,0.00100000,0.00100000,,,,1,1,1,12,1.2,999,12,0,12,0.2648,0.9895
0.1,0.15,free,0,RSC,overlap,max pairwise top-K overlap,CondA vs CondB,,0.00100000,0.00100000,,,,1,1,1,10,1.2,999,10,4,12,0.2725,0.9867
0.1,0.15,free,1,RSC,overlap,max pairwise top-K overlap,CondA vs CondB,,0.00100000,0.00100000,,,,1,1,1,10,1.2,999,10,4,12,0.2947,0.9820
0.1,0.15,free,2,RSC,overlap,max pairwise top-K overlap,CondA vs CondB,,0.00100000,0.00100000,,,,1,1,1,11,1.2,999,11,2,12,0.2539,0.9769
0.1,0.15,free,3,RSC,overlap,max pairwise top-K overlap,CondA vs CondB,,0.00100000,0.00100000,,,,1,1,1,9,1.2,999,9,6,12,0.3239,0.9876
0.1,0.15,free,4,RSC,overlap,max pairwise top-K overlap,CondA vs CondB,,0.00100000,0.00100000,,,,1,1,1,11,1.2,999,11,2,12,0.2596,0.9862
0.1,0.15,free,5,RSC,overlap,max pairwise top-K overlap,CondA vs CondB,,0.00100000,0.00100000,,,,1,1,1,10,1.2,999,10,4,12,0.2986,0.9871
0.1,0.15,free,6,RSC,overlap,max pairwise top-K overlap,CondA vs CondB,,0.00100000,0.00100000,,,,1,1,1,11,1.2,999,11,2,12,0.2652,0.9837
0.1,0.15,free,7,RSC,overlap,max pairwise top-K overlap,CondA vs CondB,,0.00100000,0.00100000,,,,1,1,1,10,1.2,999,10,4,12,0.2684,0.9866
0.1,0.15,free,8,RSC,overlap,max pairwise top-K overlap,CondA vs CondB,,0.00100000,0.00100000,,,,1,1,1,11,1.2,999,11,2,12,0.3522,0.9840
0.1,0.15,free,9,RSC,overlap,max pairwise top-K overlap,CondA vs CondB,,0.00100000,0.00100000,,,,1,1,1,11,1.2,999,11,2,12,0.2789,0.9877
0.1,0.15,free,10,RSC,overlap,max pairwise top-K overlap,CondA vs CondB,,0.00100000,0.00100000,,,,1,1,1,10,1.2,999,10,4,12,0.2656,0.9819
0.1,0.15,free,11,RSC,overlap,max pairwise top-K overlap,CondA vs CondB,,0.00100000,0.00100000,,,,1,1,1,10,1.2,999,10,4,12,0.3228,0.9782
0.1,0.15,free,12,RSC,overlap,max pairwise top-K overlap,CondA vs CondB,,0.00100000,0.00100000,,,,1,1,1,10,1.2,999,10,4,12,0.3360,0.9877
0.1,0.15,free,13,RSC,overlap,max pairwise top-K overlap,CondA vs CondB,,0.00100000,0.00100000,,,,1,1,1,9,1.2,999,9,6,12,0.3016,0.9875
0.1,0.15,free,14,RSC,overlap,max pairwise top-K overlap,CondA vs CondB,,0.00100000,0.00100000,,,,1,1,1,10,1.2,999,10,4,12,0.3617,0.9869
0.1,0.15,free,15,RSC,overlap,max pairwise top-K overlap,CondA vs CondB,,0.00100000,0.00100000,,,,1,1,1,11,1.2,999,11,2,12,0.2901,0.9879
0.1,0.15,free,16,RSC,overlap,max pairwise top-K overlap,CondA vs CondB,,0.00100000,0.00100000,,,,1,1,1,11,1.2,999,11,2,12,0.2877,0.9846
0.1,0.15,free,17,RSC,overlap,max pairwise top-K overlap,CondA vs CondB,,0.00100000,0.00100000,,,,1,1,1,11,1.2,999,11,2,12,0.2694,0.9842
0.1,0.15,free,18,RSC,overlap,max pairwise top-K overlap,CondA vs CondB,,0.00100000,0.00100000,,,,1,1,1,10,1.2,999,10,4,12,0.3175,0.9855
0.1,0.15,free,19,RSC,overlap,max pairwise top-K overlap,CondA vs CondB,,0.00100000,0.00100000,,,,1,1,1,11,1.2,999,11,2,12,0.2629,0.9822
0.2,0.15,free,0,RSC,overlap,max pairwise top-K overlap,CondA vs CondB,,0.00100000,0.00100000,,,,1,1,1,9,1.2,999,9,6,12,0.2630,0.9762
0.2,0.15,free,1,RSC,overlap,max pairwise top-K overlap,CondA vs CondB,,0.00100000,0.00100000,,,,1,1,1,8,1.2,999,8,8,12,0.2908,0.9606
0.2,0.15,free,2,RSC,overlap,max pairwise top-K overlap,CondA vs CondB,,0.00100000,0.00100000,,,,1,1,1,11,1.2,999,11,2,12,0.2413,0.9535
0.2,0.15,free,3,RSC,overlap,max pairwise top-K overlap,CondA vs CondB,,0.00100000,0.00100000,,,,1,1,1,8,1.2,999,8,8,12,0.3156,0.9765
0.2,0.15,free,4,RSC,overlap,max pairwise top-K overlap,CondA vs CondB,,0.00100000,0.00100000,,,,1,1,1,11,1.2,999,11,2,12,0.2584,0.9704
0.2,0.15,free,5,RSC,overlap,max pairwise top-K overlap,CondA vs CondB,,0.00100000,0.00100000,,,,1,1,1,10,1.2,999,10,4,12,0.2921,0.9727
0.2,0.15,free,6,RSC,overlap,max pairwise top-K overlap,CondA vs CondB,,0.00100000,0.00100000,,,,1,1,1,10,1.2,999,10,4,12,0.2565,0.9674
0.2,0.15,free,7,RSC,overlap,max pairwise top-K overlap,CondA vs CondB,,0.00100000,0.00100000,,,,1,1,1,9,1.2,999,9,6,12,0.2599,0.9732
0.2,0.15,free,8,RSC,overlap,max pairwise top-K overlap,CondA vs CondB,,0.00100000,0.00100000,,,,1,1,1,11,1.2,999,11,2,12,0.3480,0.9683
0.2,0.15,free,9,RSC,overlap,max pairwise top-K overlap,CondA vs CondB,,0.00100000,0.00100000,,,,1,1,1,10,1.2,999,10,4,12,0.2751,0.9762
0.2,0.15,free,10,RSC,overlap,max pairwise top-K overlap,CondA vs CondB,,0.00100000,0.00100000,,,,1,1,1,9,1.2,999,9,6,12,0.2625,0.9625
0.2,0.15,free,11,RSC,overlap,max pairwise top-K overlap,CondA vs CondB,,0.00100000,0.00100000,,,,1,1,1,9,1.2,999,9,6,12,0.3154,0.9511
0.2,0.15,free,12,RSC,overlap,max pairwise top-K overlap,CondA vs CondB,,0.00100000,0.00100000,,,,1,1,1,9,1.2,999,9,6,12,0.3247,0.9756
0.2,0.15,free,13,RSC,overlap,max pairwise top-K overlap,CondA vs CondB,,0.00100000,0.00100000,,,,1,1,1,8,1.2,999,8,8,12,0.2942,0.9743
0.2,0.15,free,14,RSC,overlap,max pairwise top-K overlap,CondA vs CondB,,0.00100000,0.00100000,,,,1,1,1,9,1.2,999,9,6,12,0.3605,0.9749
0.2,0.15,free,15,RSC,overlap,max pairwise top-K overlap,CondA vs CondB,,0.00100000,0.00100000,,,,1,1,1,11,1.2,999,11,2,12,0.2687,0.9751
0.2,0.15,free,16,RSC,overlap,max pairwise top-K overlap,CondA vs CondB,,0.00100000,0.00100000,,,,1,1,1,10,1.2,999,10,4,12,0.2943,0.9694
0.2,0.15,free,17,RSC,overlap,max pairwise top-K overlap,CondA vs CondB,,0.00100000,0.00100000,,,,1,1,1,10,1.2,999,10,4,12,0.2644,0.9640
0.2,0.15,free,18,RSC,overlap,max pairwise top-K overlap,CondA vs CondB,,0.00100000,0.00100000,,,,1,1,1,10,1.2,999,10,4,12,0.3099,0.9715
0.2,0.15,free,19,RSC,overlap,max pairwise top-K overlap,CondA vs CondB,,0.00100000,0.00100000,,,,1,1,1,10,1.2,999,10,4,12,0.2596,0.9639
0.3,0.15,free,0,RSC,overlap,max pairwise top-K overlap,CondA vs CondB,,0.00100000,0.00100000,,,,1,1,1,9,1.2,999,9,6,12,0.2511,0.9578
0.3,0.15,free,1,RSC,overlap,max pairwise top-K overlap,CondA vs CondB,,0.00100000,0.00100000,,,,1,1,1,5,1.2,999,5,14,12,0.2832,0.9272
0.3,0.15,free,2,RSC,overlap,max pairwise top-K overlap,CondA vs CondB,,0.00100000,0.00100000,,,,1,1,1,9,1.2,999,9,6,12,0.2262,0.9160
0.3,0.15,free,3,RSC,overlap,max pairwise top-K overlap,CondA vs CondB,,0.00100000,0.00100000,,,,1,1,1,8,1.2,999,8,8,12,0.3059,0.9569
0.3,0.15,free,4,RSC,overlap,max pairwise top-K overlap,CondA vs CondB,,0.00100000,0.00100000,,,,1,1,1,10,1.2,999,10,4,12,0.2542,0.9443
0.3,0.15,free,5,RSC,overlap,max pairwise top-K overlap,CondA vs CondB,,0.00100000,0.00100000,,,,1,1,1,9,1.2,999,9,6,12,0.2817,0.9476
0.3,0.15,free,6,RSC,overlap,max pairwise top-K overlap,CondA vs CondB,,0.00100000,0.00100000,,,,1,1,1,8,1.2,999,8,8,12,0.2449,0.9391
0.3,0.15,free,7,RSC,overlap,max pairwise top-K overlap,CondA vs CondB,,0.00100000,0.00100000,,,,1,1,1,9,1.2,999,9,6,12,0.2490,0.9501
0.3,0.15,free,8,RSC,overlap,max pairwise top-K overlap,CondA vs CondB,,0.00100000,0.00100000,,,,1,1,1,10,1.2,999,10,4,12,0.3391,0.9419
0.3,0.15,free,9,RSC,overlap,max pairwise top-K overlap,CondA vs CondB,,0.00100000,0.00100000,,,,1,1,1,8,1.2,999,8,8,12,0.2706,0.9572
0.3,0.15,free,10,RSC,overlap,max pairwise top-K overlap,CondA vs CondB,,0.00100000,0.00100000,,,,1,1,1,7,1.2,999,7,10,12,0.2566,0.9316
0.3,0.15,free,11,RSC,overlap,max pairwise top-K overlap,CondA vs CondB,,0.00100000,0.00100000,,,,1,1,1,7,1.2,999,7,10,12,0.3054,0.9069
0.3,0.15,free,12,RSC,overlap,max pairwise top-K overlap,CondA vs CondB,,0.00100000,0.00100000,,,,1,1,1,8,1.2,999,8,8,12,0.3082,0.9544
0.3,0.15,free,13,RSC,overlap,max pairwise top-K overlap,CondA vs CondB,,0.00100000,0.00100000,,,,1,1,1,8,1.2,999,8,8,12,0.2851,0.9502
0.3,0.15,free,14,RSC,overlap,max pairwise top-K overlap,CondA vs CondB,,0.00100000,0.00100000,,,,1,1,1,8,1.2,999,8,8,12,0.3544,0.9539
0.3,0.15,free,15,RSC,overlap,max pairwise top-K overlap,CondA vs CondB,,0.00100000,0.00100000,,,,1,1,1,10,1.2,999,10,4,12,0.2479,0.9524
0.3,0.15,free,16,RSC,overlap,max pairwise top-K overlap,CondA vs CondB,,0.00100000,0.00100000,,,,1,1,1,10,1.2,999,10,4,12,0.2961,0.9446
0.3,0.15,free,17,RSC,overlap,max pairwise top-K overlap,CondA vs CondB,,0.00100000,0.00100000,,,,1,1,1,8,1.2,999,8,8,12,0.2565,0.9291
0.3,0.15,free,18,RSC,overlap,max pairwise top-K overlap,CondA vs CondB,,0.00100000,0.00100000,,,,1,1,1,9,1.2,999,9,6,12,0.2988,0.9466
0.3,0.15,free,19,RSC,overlap,max pairwise top-K overlap,CondA vs CondB,,0.00100000,0.00100000,,,,1,1,1,10,1.2,999,10,4,12,0.2553,0.9340
0.4,0.15,free,0,RSC,overlap,max pairwise top-K overlap,CondA vs CondB,,0.00100000,0.00100000,,,,1,1,1,7,1.2,999,7,10,12,0.2383,0.9304
0.4,0.15,free,1,RSC,overlap,max pairwise top-K overlap,CondA vs CondB,,0.0130000,0.0130000,,,,1,1,1,4,1.2,999,4,16,12,0.2721,0.8821
0.4,0.15,free,2,RSC,overlap,max pairwise top-K overlap,CondA vs CondB,,0.00100000,0.00100000,,,,1,1,1,8,1.2,999,8,8,12,0.2098,0.8650
0.4,0.15,free,3,RSC,overlap,max pairwise top-K overlap,CondA vs CondB,,0.00100000,0.00100000,,,,1,1,1,7,1.2,999,7,10,12,0.2946,0.9278
0.4,0.15,free,4,RSC,overlap,max pairwise top-K overlap,CondA vs CondB,,0.00100000,0.00100000,,,,1,1,1,10,1.2,999,10,4,12,0.2469,0.9077
0.4,0.15,free,5,RSC,overlap,max pairwise top-K overlap,CondA vs CondB,,0.00100000,0.00100000,,,,1,1,1,9,1.2,999,9,6,12,0.2679,0.9107
0.4,0.15,free,6,RSC,overlap,max pairwise top-K overlap,CondA vs CondB,,0.00100000,0.00100000,,,,1,1,1,8,1.2,999,8,8,12,0.2303,0.8983
0.4,0.15,free,7,RSC,overlap,max pairwise top-K overlap,CondA vs CondB,,0.00100000,0.00100000,,,,1,1,1,8,1.2,999,8,8,12,0.2358,0.9159
0.4,0.15,free,8,RSC,overlap,max pairwise top-K overlap,CondA vs CondB,,0.00100000,0.00100000,,,,1,1,1,8,1.2,999,8,8,12,0.3258,0.9039
0.4,0.15,free,9,RSC,overlap,max pairwise top-K overlap,CondA vs CondB,,0.00100000,0.00100000,,,,1,1,1,7,1.2,999,7,10,12,0.2652,0.9299
0.4,0.15,free,10,RSC,overlap,max pairwise top-K overlap,CondA vs CondB,,0.00100000,0.00100000,,,,1,1,1,7,1.2,999,7,10,12,0.2465,0.8891
0.4,0.15,free,11,RSC,overlap,max pairwise top-K overlap,CondA vs CondB,,0.00100000,0.00100000,,,,1,1,1,7,1.2,999,7,10,12,0.2945,0.8467
0.4,0.15,free,12,RSC,overlap,max pairwise top-K overlap,CondA vs CondB,,0.00100000,0.00100000,,,,1,1,1,8,1.2,999,8,8,12,0.2886,0.9236
0.4,0.15,free,13,RSC,overlap,max pairwise top-K overlap,CondA vs CondB,,0.00100000,0.00100000,,,,1,1,1,6,1.2,999,6,12,12,0.2740,0.9129
0.4,0.15,free,14,RSC,overlap,max pairwise top-K overlap,CondA vs CondB,,0.00100000,0.00100000,,,,1,1,1,7,1.2,999,7,10,12,0.3438,0.9226
0.4,0.15,free,15,RSC,overlap,max pairwise top-K overlap,CondA vs CondB,,0.00100000,0.00100000,,,,1,1,1,9,1.2,999,9,6,12,0.2285,0.9188
0.4,0.15,free,16,RSC,overlap,max pairwise top-K overlap,CondA vs CondB,,0.00100000,0.00100000,,,,1,1,1,10,1.2,999,10,4,12,0.2916,0.9098
0.4,0.15,free,17,RSC,overlap,max pairwise top-K overlap,CondA vs CondB,,0.00100000,0.00100000,,,,1,1,1,7,1.2,999,7,10,12,0.2455,0.8778
0.4,0.15,free,18,RSC,overlap,max pairwise top-K overlap,CondA vs CondB,,0.00100000,0.00100000,,,,1,1,1,8,1.2,999,8,8,12,0.2851,0.9092
0.4,0.15,free,19,RSC,overlap,max pairwise top-K overlap,CondA vs CondB,,0.00100000,0.00100000,,,,1,1,1,8,1.2,999,8,8,12,0.2499,0.8918
0.5,0.15,free,0,RSC,overlap,max pairwise top-K overlap,CondA vs CondB,,0.00200000,0.00200000,,,,1,1,1,6,1.2,999,6,12,12,0.2251,0.8921
0.5,0.15,free,1,RSC,overlap,max pairwise top-K overlap,CondA vs CondB,,0.106000,0.106000,,,,1,1,1,3,1.2,999,3,18,12,0.2584,0.8251
0.5,0.15,free,2,RSC,overlap,max pairwise top-K overlap,CondA vs CondB,,0.00100000,0.00100000,,,,1,1,1,6,1.2,999,6,12,12,0.1934,0.8011
0.5,0.15,free,3,RSC,overlap,max pairwise top-K overlap,CondA vs CondB,,0.00100000,0.00100000,,,,1,1,1,7,1.2,999,7,10,12,0.2815,0.8872
0.5,0.15,free,4,RSC,overlap,max pairwise top-K overlap,CondA vs CondB,,0.00100000,0.00100000,,,,1,1,1,9,1.2,999,9,6,12,0.2367,0.8599
0.5,0.15,free,5,RSC,overlap,max pairwise top-K overlap,CondA vs CondB,,0.00100000,0.00100000,,,,1,1,1,8,1.2,999,8,8,12,0.2530,0.8605
0.5,0.15,free,6,RSC,overlap,max pairwise top-K overlap,CondA vs CondB,,0.00100000,0.00100000,,,,1,1,1,7,1.2,999,7,10,12,0.2132,0.8439
0.5,0.15,free,7,RSC,overlap,max pairwise top-K overlap,CondA vs CondB,,0.00100000,0.00100000,,,,1,1,1,6,1.2,999,6,12,12,0.2202,0.8685
0.5,0.15,free,8,RSC,overlap,max pairwise top-K overlap,CondA vs CondB,,0.00100000,0.00100000,,,,1,1,1,8,1.2,999,8,8,12,0.3083,0.8527
0.5,0.15,free,9,RSC,overlap,max pairwise top-K overlap,CondA vs CondB,,0.00200000,0.00200000,,,,1,1,1,6,1.2,999,6,12,12,0.2586,0.8932
0.5,0.15,free,10,RSC,overlap,max pairwise top-K overlap,CondA vs CondB,,0.00100000,0.00100000,,,,1,1,1,7,1.2,999,7,10,12,0.2310,0.8342
0.5,0.15,free,11,RSC,overlap,max pairwise top-K overlap,CondA vs CondB,,0.00600000,0.00600000,,,,1,1,1,5,1.2,999,5,14,12,0.2835,0.7715
0.5,0.15,free,12,RSC,overlap,max pairwise top-K overlap,CondA vs CondB,,0.00200000,0.00200000,,,,1,1,1,6,1.2,999,6,12,12,0.2670,0.8819
0.5,0.15,free,13,RSC,overlap,max pairwise top-K overlap,CondA vs CondB,,0.00100000,0.00100000,,,,1,1,1,5,1.2,999,5,14,12,0.2603,0.8595
0.5,0.15,free,14,RSC,overlap,max pairwise top-K overlap,CondA vs CondB,,0.00500000,0.00500000,,,,1,1,1,5,1.2,999,5,14,12,0.3289,0.8784
0.5,0.15,free,15,RSC,overlap,max pairwise top-K overlap,CondA vs CondB,,0.00100000,0.00100000,,,,1,1,1,7,1.2,999,7,10,12,0.2099,0.8726
0.5,0.15,free,16,RSC,overlap,max pairwise top-K overlap,CondA vs CondB,,0.00100000,0.00100000,,,,1,1,1,10,1.2,999,10,4,12,0.2806,0.8640
0.5,0.15,free,17,RSC,overlap,max pairwise top-K overlap,CondA vs CondB,,0.00100000,0.00100000,,,,1,1,1,7,1.2,999,7,10,12,0.2314,0.8080
0.5,0.15,free,18,RSC,overlap,max pairwise top-K overlap,CondA vs CondB,,0.00100000,0.00100000,,,,1,1,1,8,1.2,999,8,8,12,0.2697,0.8573
0.5,0.15,free,19,RSC,overlap,max pairwise top-K overlap,CondA vs CondB,,0.00100000,0.00100000,,,,1,1,1,7,1.2,999,7,10,12,0.2432,0.8359
0.65,0.15,free,0,RSC,overlap,max pairwise top-K overlap,CondA vs CondB,,0.00200000,0.00200000,,,,1,1,1,5,1.2,999,5,14,12,0.2050,0.8068
0.65,0.15,free,1,RSC,overlap,max pairwise top-K overlap,CondA vs CondB,,0.739000,0.739000,,,,1,1,1,1,1.2,999,1,22,12,0.2354,0.7146
0.65,0.15,free,2,RSC,overlap,max pairwise top-K overlap,CondA vs CondB,,0.102000,0.102000,,,,1,1,1,3,1.2,999,3,18,12,0.1713,0.6799
0.65,0.15,free,3,RSC,overlap,max pairwise top-K overlap,CondA vs CondB,,0.00100000,0.00100000,,,,1,1,1,6,1.2,999,6,12,12,0.2572,0.7977
0.65,0.15,free,4,RSC,overlap,max pairwise top-K overlap,CondA vs CondB,,0.00100000,0.00100000,,,,1,1,1,7,1.2,999,7,10,12,0.2160,0.7638
0.65,0.15,free,5,RSC,overlap,max pairwise top-K overlap,CondA vs CondB,,0.00100000,0.00100000,,,,1,1,1,7,1.2,999,7,10,12,0.2326,0.7543
0.65,0.15,free,6,RSC,overlap,max pairwise top-K overlap,CondA vs CondB,,0.00100000,0.00100000,,,,1,1,1,6,1.2,999,6,12,12,0.1833,0.7324
0.65,0.15,free,7,RSC,overlap,max pairwise top-K overlap,CondA vs CondB,,0.0160000,0.0160000,,,,1,1,1,4,1.2,999,4,16,12,0.1935,0.7647
0.65,0.15,free,8,RSC,overlap,max pairwise top-K overlap,CondA vs CondB,,0.00100000,0.00100000,,,,1,1,1,7,1.2,999,7,10,12,0.2743,0.7448
0.65,0.15,free,9,RSC,overlap,max pairwise top-K overlap,CondA vs CondB,,0.0190000,0.0190000,,,,1,1,1,4,1.2,999,4,16,12,0.2456,0.8144
0.65,0.15,free,10,RSC,overlap,max pairwise top-K overlap,CondA vs CondB,,0.0150000,0.0150000,,,,1,1,1,4,1.2,999,4,16,12,0.1981,0.7257
0.65,0.15,free,11,RSC,overlap,max pairwise top-K overlap,CondA vs CondB,,0.335000,0.335000,,,,1,1,1,2,1.2,999,2,20,12,0.2672,0.6314
0.65,0.15,free,12,RSC,overlap,max pairwise top-K overlap,CondA vs CondB,,0.00200000,0.00200000,,,,1,1,1,5,1.2,999,5,14,12,0.2315,0.7933
0.65,0.15,free,13,RSC,overlap,max pairwise top-K overlap,CondA vs CondB,,0.0240000,0.0240000,,,,1,1,1,4,1.2,999,4,16,12,0.2336,0.7391
0.65,0.15,free,14,RSC,overlap,max pairwise top-K overlap,CondA vs CondB,,0.0250000,0.0250000,,,,1,1,1,4,1.2,999,4,16,12,0.2984,0.7796
0.65,0.15,free,15,RSC,overlap,max pairwise top-K overlap,CondA vs CondB,,0.00100000,0.00100000,,,,1,1,1,6,1.2,999,6,12,12,0.1814,0.7727
0.65,0.15,free,16,RSC,overlap,max pairwise top-K overlap,CondA vs CondB,,0.00100000,0.00100000,,,,1,1,1,9,1.2,999,9,6,12,0.2541,0.7698
0.65,0.15,free,17,RSC,overlap,max pairwise top-K overlap,CondA vs CondB,,0.00200000,0.00200000,,,,1,1,1,5,1.2,999,5,14,12,0.2043,0.6636
0.65,0.15,free,18,RSC,overlap,max pairwise top-K overlap,CondA vs CondB,,0.00100000,0.00100000,,,,1,1,1,7,1.2,999,7,10,12,0.2450,0.7447
0.65,0.15,free,19,RSC,overlap,max pairwise top-K overlap,CondA vs CondB,,0.0200000,0.0200000,,,,1,1,1,4,1.2,999,4,16,12,0.2298,0.7211
0.8,0.15,free,0,RSC,overlap,max pairwise top-K overlap,CondA vs CondB,,0.0250000,0.0250000,,,,1,1,1,4,1.2,999,4,16,12,0.1820,0.6659
0.8,0.15,free,1,RSC,overlap,max pairwise top-K overlap,CondA vs CondB,,0.738000,0.738000,,,,1,1,1,1,1.2,999,1,22,12,0.2126,0.5637
0.8,0.15,free,2,RSC,overlap,max pairwise top-K overlap,CondA vs CondB,,0.333000,0.333000,,,,1,1,1,2,1.2,999,2,20,12,0.1533,0.5204
0.8,0.15,free,3,RSC,overlap,max pairwise top-K overlap,CondA vs CondB,,0.0120000,0.0120000,,,,1,1,1,4,1.2,999,4,16,12,0.2252,0.6520
0.8,0.15,free,4,RSC,overlap,max pairwise top-K overlap,CondA vs CondB,,0.120000,0.120000,,,,1,1,1,3,1.2,999,3,18,12,0.1883,0.6250
0.8,0.15,free,5,RSC,overlap,max pairwise top-K overlap,CondA vs CondB,,0.00400000,0.00400000,,,,1,1,1,5,1.2,999,5,14,12,0.2157,0.5932
0.8,0.15,free,6,RSC,overlap,max pairwise top-K overlap,CondA vs CondB,,0.0160000,0.0160000,,,,1,1,1,4,1.2,999,4,16,12,0.1464,0.5708
0.8,0.15,free,7,RSC,overlap,max pairwise top-K overlap,CondA vs CondB,,0.321000,0.321000,,,,1,1,1,2,1.2,999,2,20,12,0.1655,0.5997
0.8,0.15,free,8,RSC,overlap,max pairwise top-K overlap,CondA vs CondB,,0.0220000,0.0220000,,,,1,1,1,4,1.2,999,4,16,12,0.2323,0.5815
0.8,0.15,free,9,RSC,overlap,max pairwise top-K overlap,CondA vs CondB,,0.346000,0.346000,,,,1,1,1,2,1.2,999,2,20,12,0.2269,0.6888
0.8,0.15,free,10,RSC,overlap,max pairwise top-K overlap,CondA vs CondB,,0.356000,0.356000,,,,1,1,1,2,1.2,999,2,20,12,0.1576,0.5732
0.8,0.15,free,11,RSC,overlap,max pairwise top-K overlap,CondA vs CondB,,1.00000,1.00000,,,,1,1,1,0,1.2,999,0,24,12,0.2503,0.4534
0.8,0.15,free,12,RSC,overlap,max pairwise top-K overlap,CondA vs CondB,,0.0160000,0.0160000,,,,1,1,1,4,1.2,999,4,16,12,0.1942,0.6562
0.8,0.15,free,13,RSC,overlap,max pairwise top-K overlap,CondA vs CondB,,0.0890000,0.0890000,,,,1,1,1,3,1.2,999,3,18,12,0.1972,0.5451
0.8,0.15,free,14,RSC,overlap,max pairwise top-K overlap,CondA vs CondB,,0.712000,0.712000,,,,1,1,1,1,1.2,999,1,22,12,0.2572,0.6171
0.8,0.15,free,15,RSC,overlap,max pairwise top-K overlap,CondA vs CondB,,0.00600000,0.00600000,,,,1,1,1,5,1.2,999,5,14,12,0.1479,0.6168
0.8,0.15,free,16,RSC,overlap,max pairwise top-K overlap,CondA vs CondB,,0.00100000,0.00100000,,,,1,1,1,8,1.2,999,8,8,12,0.2190,0.6290
0.8,0.15,free,17,RSC,overlap,max pairwise top-K overlap,CondA vs CondB,,0.0170000,0.0170000,,,,1,1,1,4,1.2,999,4,16,12,0.1695,0.4586
0.8,0.15,free,18,RSC,overlap,max pairwise top-K overlap,CondA vs CondB,,0.0180000,0.0180000,,,,1,1,1,4,1.2,999,4,16,12,0.2195,0.5703
0.8,0.15,free,19,RSC,overlap,max pairwise top-K overlap,CondA vs CondB,,0.0950000,0.0950000,,,,1,1,1,3,1.2,999,3,18,12,0.2109,0.5538
0.9,0.15,free,0,RSC,overlap,max pairwise top-K overlap,CondA vs CondB,,0.321000,0.321000,,,,1,1,1,2,1.2,999,2,20,12,0.1612,0.5066
0.9,0.15,free,1,RSC,overlap,max pairwise top-K overlap,CondA vs CondB,,0.721000,0.721000,,,,1,1,1,1,1.2,999,1,22,12,0.1987,0.4202
0.9,0.15,free,2,RSC,overlap,max pairwise top-K overlap,CondA vs CondB,,0.332000,0.332000,,,,1,1,1,2,1.2,999,2,20,12,0.1437,0.3750
0.9,0.15,free,3,RSC,overlap,max pairwise top-K overlap,CondA vs CondB,,0.356000,0.356000,,,,1,1,1,2,1.2,999,2,20,12,0.1988,0.4899
0.9,0.15,free,4,RSC,overlap,max pairwise top-K overlap,CondA vs CondB,,0.103000,0.103000,,,,1,1,1,3,1.2,999,3,18,12,0.1656,0.4855
0.9,0.15,free,5,RSC,overlap,max pairwise top-K overlap,CondA vs CondB,,0.354000,0.354000,,,,1,1,1,2,1.2,999,2,20,12,0.2053,0.4278
0.9,0.15,free,6,RSC,overlap,max pairwise top-K overlap,CondA vs CondB,,0.107000,0.107000,,,,1,1,1,3,1.2,999,3,18,12,0.1148,0.4109
0.9,0.15,free,7,RSC,overlap,max pairwise top-K overlap,CondA vs CondB,,0.0850000,0.0850000,,,,1,1,1,3,1.2,999,3,18,12,0.1471,0.4231
0.9,0.15,free,8,RSC,overlap,max pairwise top-K overlap,CondA vs CondB,,0.341000,0.341000,,,,1,1,1,2,1.2,999,2,20,12,0.1992,0.4138
0.9,0.15,free,9,RSC,overlap,max pairwise top-K overlap,CondA vs CondB,,0.763000,0.763000,,,,1,1,1,1,1.2,999,1,22,12,0.2092,0.5486
0.9,0.15,free,10,RSC,overlap,max pairwise top-K overlap,CondA vs CondB,,0.358000,0.358000,,,,1,1,1,2,1.2,999,2,20,12,0.1293,0.4252
0.9,0.15,free,11,RSC,overlap,max pairwise top-K overlap,CondA vs CondB,,1.00000,1.00000,,,,1,1,1,0,1.2,999,0,24,12,0.2380,0.2973
0.9,0.15,free,12,RSC,overlap,max pairwise top-K overlap,CondA vs CondB,,0.345000,0.345000,,,,1,1,1,2,1.2,999,2,20,12,0.1706,0.5093
0.9,0.15,free,13,RSC,overlap,max pairwise top-K overlap,CondA vs CondB,,0.110000,0.110000,,,,1,1,1,3,1.2,999,3,18,12,0.1661,0.3416
0.9,0.15,free,14,RSC,overlap,max pairwise top-K overlap,CondA vs CondB,,0.722000,0.722000,,,,1,1,1,1,1.2,999,1,22,12,0.2217,0.4375
0.9,0.15,free,15,RSC,overlap,max pairwise top-K overlap,CondA vs CondB,,0.0220000,0.0220000,,,,1,1,1,4,1.2,999,4,16,12,0.1192,0.4516
0.9,0.15,free,16,RSC,overlap,max pairwise top-K overlap,CondA vs CondB,,0.00200000,0.00200000,,,,1,1,1,6,1.2,999,6,12,12,0.1902,0.4829
0.9,0.15,free,17,RSC,overlap,max pairwise top-K overlap,CondA vs CondB,,0.328000,0.328000,,,,1,1,1,2,1.2,999,2,20,12,0.1408,0.2678
0.9,0.15,free,18,RSC,overlap,max pairwise top-K overlap,CondA vs CondB,,0.0170000,0.0170000,,,,1,1,1,4,1.2,999,4,16,12,0.2025,0.3900
0.9,0.15,free,19,RSC,overlap,max pairwise top-K overlap,CondA vs CondB,,0.0990000,0.0990000,,,,1,1,1,3,1.2,999,3,18,12,0.1945,0.3882
1,0.15,free,0,RSC,overlap,max pairwise top-K overlap,CondA vs CondB,,0.351000,0.351000,,,,1,1,1,2,1.2,999,2,20,12,0.1259,0.02837
1,0.15,free,1,RSC,overlap,max pairwise top-K overlap,CondA vs CondB,,0.100000,0.100000,,,,1,1,1,3,1.2,999,3,18,12,0.1928,0.05917
1,0.15,free,2,RSC,overlap,max pairwise top-K overlap,CondA vs CondB,,0.729000,0.729000,,,,1,1,1,1,1.2,999,1,22,12,0.1409,0.02773
1,0.15,free,3,RSC,overlap,max pairwise top-K overlap,CondA vs CondB,,0.350000,0.350000,,,,1,1,1,2,1.2,999,2,20,12,0.1699,0.01384
1,0.15,free,4,RSC,overlap,max pairwise top-K overlap,CondA vs CondB,,0.109000,0.109000,,,,1,1,1,3,1.2,999,3,18,12,0.1445,0.1057
1,0.15,free,5,RSC,overlap,max pairwise top-K overlap,CondA vs CondB,,0.721000,0.721000,,,,1,1,1,1,1.2,999,1,22,12,0.1942,-0.009525
1,0.15,free,6,RSC,overlap,max pairwise top-K overlap,CondA vs CondB,,0.114000,0.114000,,,,1,1,1,3,1.2,999,3,18,12,0.08475,0.0005323
1,0.15,free,7,RSC,overlap,max pairwise top-K overlap,CondA vs CondB,,0.349000,0.349000,,,,1,1,1,2,1.2,999,2,20,12,0.1285,-0.05499
1,0.15,free,8,RSC,overlap,max pairwise top-K overlap,CondA vs CondB,,0.0240000,0.0240000,,,,1,1,1,4,1.2,999,4,16,12,0.1561,-0.02714
1,0.15,free,9,RSC,overlap,max pairwise top-K overlap,CondA vs CondB,,0.109000,0.109000,,,,1,1,1,3,1.2,999,3,18,12,0.1808,0.1107
1,0.15,free,10,RSC,overlap,max pairwise top-K overlap,CondA vs CondB,,0.335000,0.335000,,,,1,1,1,2,1.2,999,2,20,12,0.1095,0.04563
1,0.15,free,11,RSC,overlap,max pairwise top-K overlap,CondA vs CondB,,0.750000,0.750000,,,,1,1,1,1,1.2,999,1,22,12,0.2190,-0.05403
1,0.15,free,12,RSC,overlap,max pairwise top-K overlap,CondA vs CondB,,0.0130000,0.0130000,,,,1,1,1,4,1.2,999,4,16,12,0.1616,0.08182
1,0.15,free,13,RSC,overlap,max pairwise top-K overlap,CondA vs CondB,,0.356000,0.356000,,,,1,1,1,2,1.2,999,2,20,12,0.1350,-0.1617
1,0.15,free,14,RSC,overlap,max pairwise top-K overlap,CondA vs CondB,,0.729000,0.729000,,,,1,1,1,1,1.2,999,1,22,12,0.1702,-0.06225
1,0.15,free,15,RSC,overlap,max pairwise top-K overlap,CondA vs CondB,,0.749000,0.749000,,,,1,1,1,1,1.2,999,1,22,12,0.07038,-0.002125
1,0.15,free,16,RSC,overlap,max pairwise top-K overlap,CondA vs CondB,,0.337000,0.337000,,,,1,1,1,2,1.2,999,2,20,12,0.1417,0.07350
1,0.15,free,17,RSC,overlap,max pairwise top-K overlap,CondA vs CondB,,0.734000,0.734000,,,,1,1,1,1,1.2,999,1,22,12,0.1155,-0.1575
1,0.15,free,18,RSC,overlap,max pairwise top-K overlap,CondA vs CondB,,0.0920000,0.0920000,,,,1,1,1,3,1.2,999,3,18,12,0.1896,-0.07326
1,0.15,free,19,RSC,overlap,max pairwise top-K overlap,CondA vs CondB,,1.00000,1.00000,,,,1,1,1,0,1.2,999,0,24,12,0.1691,-0.02993
1,0.15,paired,0,RSC,overlap,max pairwise top-K overlap,CondA vs CondB,,0.827000,0.827000,,,,1,1,1,2,1.2,999,2,20,12,0.1259,0.02837
1,0.15,paired,1,RSC,overlap,max pairwise top-K overlap,CondA vs CondB,,0.498000,0.498000,,,,1,1,1,3,1.2,999,3,18,12,0.1928,0.05917
1,0.15,paired,2,RSC,overlap,max pairwise top-K overlap,CondA vs CondB,,0.574000,0.574000,,,,1,1,1,1,1.2,999,1,22,12,0.1409,0.02773
1,0.15,paired,3,RSC,overlap,max pairwise top-K overlap,CondA vs CondB,,0.762000,0.762000,,,,1,1,1,2,1.2,999,2,20,12,0.1699,0.01384
1,0.15,paired,4,RSC,overlap,max pairwise top-K overlap,CondA vs CondB,,0.162000,0.162000,,,,1,1,1,3,1.2,999,3,18,12,0.1445,0.1057
1,0.15,paired,5,RSC,overlap,max pairwise top-K overlap,CondA vs CondB,,1.00000,1.00000,,,,1,1,1,1,1.2,999,1,22,12,0.1942,-0.009525
1,0.15,paired,6,RSC,overlap,max pairwise top-K overlap,CondA vs CondB,,0.982000,0.982000,,,,1,1,1,3,1.2,999,3,18,12,0.08475,0.0005323
1,0.15,paired,7,RSC,overlap,max pairwise top-K overlap,CondA vs CondB,,0.757000,0.757000,,,,1,1,1,2,1.2,999,2,20,12,0.1285,-0.05499
1,0.15,paired,8,RSC,overlap,max pairwise top-K overlap,CondA vs CondB,,0.651000,0.651000,,,,1,1,1,4,1.2,999,4,16,12,0.1561,-0.02714
1,0.15,paired,9,RSC,overlap,max pairwise top-K overlap,CondA vs CondB,,1.00000,1.00000,,,,1,1,1,3,1.2,999,3,18,12,0.1808,0.1107
1,0.15,paired,10,RSC,overlap,max pairwise top-K overlap,CondA vs CondB,,0.395000,0.395000,,,,1,1,1,2,1.2,999,2,20,12,0.1095,0.04563
1,0.15,paired,11,RSC,overlap,max pairwise top-K overlap,CondA vs CondB,,0.872000,0.872000,,,,1,1,1,1,1.2,999,1,22,12,0.2190,-0.05403
1,0.15,paired,12,RSC,overlap,max pairwise top-K overlap,CondA vs CondB,,0.571000,0.571000,,,,1,1,1,4,1.2,999,4,16,12,0.1616,0.08182
1,0.15,paired,13,RSC,overlap,max pairwise top-K overlap,CondA vs CondB,,0.545000,0.545000,,,,1,1,1,2,1.2,999,2,20,12,0.1350,-0.1617
1,0.15,paired,14,RSC,overlap,max pairwise top-K overlap,CondA vs CondB,,1.00000,1.00000,,,,1,1,1,1,1.2,999,1,22,12,0.1702,-0.06225
1,0.15,paired,15,RSC,overlap,max pairwise top-K overlap,CondA vs CondB,,0.963000,0.963000,,,,1,1,1,1,1.2,999,1,22,12,0.07038,-0.002125
1,0.15,paired,16,RSC,overlap,max pairwise top-K overlap,CondA vs CondB,,0.890000,0.890000,,,,1,1,1,2,1.2,999,2,20,12,0.1417,0.07350
1,0.15,paired,17,RSC,overlap,max pairwise top-K overlap,CondA vs CondB,,0.617000,0.617000,,,,1,1,1,1,1.2,999,1,22,12,0.1155,-0.1575
1,0.15,paired,18,RSC,overlap,max pairwise top-K overlap,CondA vs CondB,,0.842000,0.842000,,,,1,1,1,3,1.2,999,3,18,12,0.1896,-0.07326
1,0.15,paired,19,RSC,overlap,max pairwise top-K overlap,CondA vs CondB,,1.00000,1.00000,,,,1,1,1,0,1.2,999,0,24,12,0.1691,-0.02993
0,0.3,free,0,RSC,overlap,max pairwise top-K overlap,CondA vs CondB,,0.00100000,0.00100000,,,,1,1,1,12,1.2,999,12,0,12,0.3481,0.9900
0,0.3,free,1,RSC,overlap,max pairwise top-K overlap,CondA vs CondB,,0.00100000,0.00100000,,,,1,1,1,12,1.2,999,12,0,12,0.3676,0.9910
0,0.3,free,2,RSC,overlap,max pairwise top-K overlap,CondA vs CondB,,0.00100000,0.00100000,,,,1,1,1,12,1.2,999,12,0,12,0.3608,0.9854
0,0.3,free,3,RSC,overlap,max pairwise top-K overlap,CondA vs CondB,,0.00100000,0.00100000,,,,1,1,1,12,1.2,999,12,0,12,0.4150,0.9909
0,0.3,free,4,RSC,overlap,max pairwise top-K overlap,CondA vs CondB,,0.00100000,0.00100000,,,,1,1,1,12,1.2,999,12,0,12,0.3741,0.9913
0,0.3,free,5,RSC,overlap,max pairwise top-K overlap,CondA vs CondB,,0.00100000,0.00100000,,,,1,1,1,12,1.2,999,12,0,12,0.4012,0.9913
0,0.3,free,6,RSC,overlap,max pairwise top-K overlap,CondA vs CondB,,0.00100000,0.00100000,,,,1,1,1,12,1.2,999,12,0,12,0.3699,0.9883
0,0.3,free,7,RSC,overlap,max pairwise top-K overlap,CondA vs CondB,,0.00100000,0.00100000,,,,1,1,1,12,1.2,999,12,0,12,0.3583,0.9910
0,0.3,free,8,RSC,overlap,max pairwise top-K overlap,CondA vs CondB,,0.00100000,0.00100000,,,,1,1,1,12,1.2,999,12,0,12,0.4536,0.9897
0,0.3,free,9,RSC,overlap,max pairwise top-K overlap,CondA vs CondB,,0.00100000,0.00100000,,,,1,1,1,12,1.2,999,12,0,12,0.4000,0.9918
0,0.3,free,10,RSC,overlap,max pairwise top-K overlap,CondA vs CondB,,0.00100000,0.00100000,,,,1,1,1,12,1.2,999,12,0,12,0.3420,0.9894
0,0.3,free,11,RSC,overlap,max pairwise top-K overlap,CondA vs CondB,,0.00100000,0.00100000,,,,1,1,1,12,1.2,999,12,0,12,0.3972,0.9877
0,0.3,free,12,RSC,overlap,max pairwise top-K overlap,CondA vs CondB,,0.00100000,0.00100000,,,,1,1,1,12,1.2,999,12,0,12,0.4252,0.9908
0,0.3,free,13,RSC,overlap,max pairwise top-K overlap,CondA vs CondB,,0.00100000,0.00100000,,,,1,1,1,12,1.2,999,12,0,12,0.3946,0.9911
0,0.3,free,14,RSC,overlap,max pairwise top-K overlap,CondA vs CondB,,0.00100000,0.00100000,,,,1,1,1,12,1.2,999,12,0,12,0.4392,0.9910
0,0.3,free,15,RSC,overlap,max pairwise top-K overlap,CondA vs CondB,,0.00100000,0.00100000,,,,1,1,1,12,1.2,999,12,0,12,0.3903,0.9914
0,0.3,free,16,RSC,overlap,max pairwise top-K overlap,CondA vs CondB,,0.00100000,0.00100000,,,,1,1,1,12,1.2,999,12,0,12,0.3712,0.9903
0,0.3,free,17,RSC,overlap,max pairwise top-K overlap,CondA vs CondB,,0.00100000,0.00100000,,,,1,1,1,12,1.2,999,12,0,12,0.3642,0.9912
0,0.3,free,18,RSC,overlap,max pairwise top-K overlap,CondA vs CondB,,0.00100000,0.00100000,,,,1,1,1,12,1.2,999,12,0,12,0.4173,0.9895
0,0.3,free,19,RSC,overlap,max pairwise top-K overlap,CondA vs CondB,,0.00100000,0.00100000,,,,1,1,1,12,1.2,999,12,0,12,0.3815,0.9895
0.1,0.3,free,0,RSC,overlap,max pairwise top-K overlap,CondA vs CondB,,0.00100000,0.00100000,,,,1,1,1,11,1.2,999,11,2,12,0.3450,0.9867
0.1,0.3,free,1,RSC,overlap,max pairwise top-K overlap,CondA vs CondB,,0.00100000,0.00100000,,,,1,1,1,11,1.2,999,11,2,12,0.3675,0.9820
0.1,0.3,free,2,RSC,overlap,max pairwise top-K overlap,CondA vs CondB,,0.00100000,0.00100000,,,,1,1,1,12,1.2,999,12,0,12,0.3548,0.9768
0.1,0.3,free,3,RSC,overlap,max pairwise top-K overlap,CondA vs CondB,,0.00100000,0.00100000,,,,1,1,1,11,1.2,999,11,2,12,0.4096,0.9877
0.1,0.3,free,4,RSC,overlap,max pairwise top-K overlap,CondA vs CondB,,0.00100000,0.00100000,,,,1,1,1,12,1.2,999,12,0,12,0.3756,0.9862
0.1,0.3,free,5,RSC,overlap,max pairwise top-K overlap,CondA vs CondB,,0.00100000,0.00100000,,,,1,1,1,11,1.2,999,11,2,12,0.3978,0.9871
0.1,0.3,free,6,RSC,overlap,max pairwise top-K overlap,CondA vs CondB,,0.00100000,0.00100000,,,,1,1,1,12,1.2,999,12,0,12,0.3651,0.9837
0.1,0.3,free,7,RSC,overlap,max pairwise top-K overlap,CondA vs CondB,,0.00100000,0.00100000,,,,1,1,1,11,1.2,999,11,2,12,0.3554,0.9866
0.1,0.3,free,8,RSC,overlap,max pairwise top-K overlap,CondA vs CondB,,0.00100000,0.00100000,,,,1,1,1,12,1.2,999,12,0,12,0.4544,0.9840
0.1,0.3,free,9,RSC,overlap,max pairwise top-K overlap,CondA vs CondB,,0.00100000,0.00100000,,,,1,1,1,11,1.2,999,11,2,12,0.3977,0.9877
0.1,0.3,free,10,RSC,overlap,max pairwise top-K overlap,CondA vs CondB,,0.00100000,0.00100000,,,,1,1,1,11,1.2,999,11,2,12,0.3422,0.9818
0.1,0.3,free,11,RSC,overlap,max pairwise top-K overlap,CondA vs CondB,,0.00100000,0.00100000,,,,1,1,1,9,1.2,999,9,6,12,0.3955,0.9781
0.1,0.3,free,12,RSC,overlap,max pairwise top-K overlap,CondA vs CondB,,0.00100000,0.00100000,,,,1,1,1,10,1.2,999,10,4,12,0.4205,0.9877
0.1,0.3,free,13,RSC,overlap,max pairwise top-K overlap,CondA vs CondB,,0.00100000,0.00100000,,,,1,1,1,11,1.2,999,11,2,12,0.3893,0.9875
0.1,0.3,free,14,RSC,overlap,max pairwise top-K overlap,CondA vs CondB,,0.00100000,0.00100000,,,,1,1,1,11,1.2,999,11,2,12,0.4419,0.9869
0.1,0.3,free,15,RSC,overlap,max pairwise top-K overlap,CondA vs CondB,,0.00100000,0.00100000,,,,1,1,1,12,1.2,999,12,0,12,0.3780,0.9879
0.1,0.3,free,16,RSC,overlap,max pairwise top-K overlap,CondA vs CondB,,0.00100000,0.00100000,,,,1,1,1,12,1.2,999,12,0,12,0.3799,0.9846
0.1,0.3,free,17,RSC,overlap,max pairwise top-K overlap,CondA vs CondB,,0.00100000,0.00100000,,,,1,1,1,10,1.2,999,10,4,12,0.3608,0.9842
0.1,0.3,free,18,RSC,overlap,max pairwise top-K overlap,CondA vs CondB,,0.00100000,0.00100000,,,,1,1,1,10,1.2,999,10,4,12,0.4143,0.9856
0.1,0.3,free,19,RSC,overlap,max pairwise top-K overlap,CondA vs CondB,,0.00100000,0.00100000,,,,1,1,1,11,1.2,999,11,2,12,0.3805,0.9822
0.2,0.3,free,0,RSC,overlap,max pairwise top-K overlap,CondA vs CondB,,0.00100000,0.00100000,,,,1,1,1,10,1.2,999,10,4,12,0.3390,0.9762
0.2,0.3,free,1,RSC,overlap,max pairwise top-K overlap,CondA vs CondB,,0.00100000,0.00100000,,,,1,1,1,9,1.2,999,9,6,12,0.3659,0.9605
0.2,0.3,free,2,RSC,overlap,max pairwise top-K overlap,CondA vs CondB,,0.00100000,0.00100000,,,,1,1,1,10,1.2,999,10,4,12,0.3465,0.9534
0.2,0.3,free,3,RSC,overlap,max pairwise top-K overlap,CondA vs CondB,,0.00100000,0.00100000,,,,1,1,1,9,1.2,999,9,6,12,0.4024,0.9766
0.2,0.3,free,4,RSC,overlap,max pairwise top-K overlap,CondA vs CondB,,0.00100000,0.00100000,,,,1,1,1,11,1.2,999,11,2,12,0.3751,0.9705
0.2,0.3,free,5,RSC,overlap,max pairwise top-K overlap,CondA vs CondB,,0.00100000,0.00100000,,,,1,1,1,10,1.2,999,10,4,12,0.3925,0.9727
0.2,0.3,free,6,RSC,overlap,max pairwise top-K overlap,CondA vs CondB,,0.00100000,0.00100000,,,,1,1,1,10,1.2,999,10,4,12,0.3585,0.9673
0.2,0.3,free,7,RSC,overlap,max pairwise top-K overlap,CondA vs CondB,,0.00100000,0.00100000,,,,1,1,1,11,1.2,999,11,2,12,0.3494,0.9733
0.2,0.3,free,8,RSC,overlap,max pairwise top-K overlap,CondA vs CondB,,0.00100000,0.00100000,,,,1,1,1,11,1.2,999,11,2,12,0.4508,0.9682
0.2,0.3,free,9,RSC,overlap,max pairwise top-K overlap,CondA vs CondB,,0.00100000,0.00100000,,,,1,1,1,9,1.2,999,9,6,12,0.3948,0.9761
0.2,0.3,free,10,RSC,overlap,max pairwise top-K overlap,CondA vs CondB,,0.00100000,0.00100000,,,,1,1,1,11,1.2,999,11,2,12,0.3401,0.9625
0.2,0.3,free,11,RSC,overlap,max pairwise top-K overlap,CondA vs CondB,,0.00100000,0.00100000,,,,1,1,1,8,1.2,999,8,8,12,0.3906,0.9509
0.2,0.3,free,12,RSC,overlap,max pairwise top-K overlap,CondA vs CondB,,0.00100000,0.00100000,,,,1,1,1,10,1.2,999,10,4,12,0.4098,0.9756
0.2,0.3,free,13,RSC,overlap,max pairwise top-K overlap,CondA vs CondB,,0.00100000,0.00100000,,,,1,1,1,10,1.2,999,10,4,12,0.3823,0.9745
0.2,0.3,free,14,RSC,overlap,max pairwise top-K overlap,CondA vs CondB,,0.00100000,0.00100000,,,,1,1,1,9,1.2,999,9,6,12,0.4399,0.9749
0.2,0.3,free,15,RSC,overlap,max pairwise top-K overlap,CondA vs CondB,,0.00100000,0.00100000,,,,1,1,1,11,1.2,999,11,2,12,0.3629,0.9750
0.2,0.3,free,16,RSC,overlap,max pairwise top-K overlap,CondA vs CondB,,0.00100000,0.00100000,,,,1,1,1,11,1.2,999,11,2,12,0.3860,0.9693
0.2,0.3,free,17,RSC,overlap,max pairwise top-K overlap,CondA vs CondB,,0.00100000,0.00100000,,,,1,1,1,10,1.2,999,10,4,12,0.3556,0.9640
0.2,0.3,free,18,RSC,overlap,max pairwise top-K overlap,CondA vs CondB,,0.00100000,0.00100000,,,,1,1,1,9,1.2,999,9,6,12,0.4081,0.9716
0.2,0.3,free,19,RSC,overlap,max pairwise top-K overlap,CondA vs CondB,,0.00100000,0.00100000,,,,1,1,1,11,1.2,999,11,2,12,0.3786,0.9639
0.3,0.3,free,0,RSC,overlap,max pairwise top-K overlap,CondA vs CondB,,0.00100000,0.00100000,,,,1,1,1,9,1.2,999,9,6,12,0.3315,0.9578
0.3,0.3,free,1,RSC,overlap,max pairwise top-K overlap,CondA vs CondB,,0.00100000,0.00100000,,,,1,1,1,9,1.2,999,9,6,12,0.3621,0.9270
0.3,0.3,free,2,RSC,overlap,max pairwise top-K overlap,CondA vs CondB,,0.00100000,0.00100000,,,,1,1,1,8,1.2,999,8,8,12,0.3369,0.9158
0.3,0.3,free,3,RSC,overlap,max pairwise top-K overlap,CondA vs CondB,,0.00100000,0.00100000,,,,1,1,1,8,1.2,999,8,8,12,0.3939,0.9570
0.3,0.3,free,4,RSC,overlap,max pairwise top-K overlap,CondA vs CondB,,0.00100000,0.00100000,,,,1,1,1,10,1.2,999,10,4,12,0.3722,0.9444
0.3,0.3,free,5,RSC,overlap,max pairwise top-K overlap,CondA vs CondB,,0.00100000,0.00100000,,,,1,1,1,9,1.2,999,9,6,12,0.3849,0.9476
0.3,0.3,free,6,RSC,overlap,max pairwise top-K overlap,CondA vs CondB,,0.00100000,0.00100000,,,,1,1,1,9,1.2,999,9,6,12,0.3502,0.9389
0.3,0.3,free,7,RSC,overlap,max pairwise top-K overlap,CondA vs CondB,,0.00100000,0.00100000,,,,1,1,1,11,1.2,999,11,2,12,0.3418,0.9502
0.3,0.3,free,8,RSC,overlap,max pairwise top-K overlap,CondA vs CondB,,0.00100000,0.00100000,,,,1,1,1,11,1.2,999,11,2,12,0.4436,0.9418
0.3,0.3,free,9,RSC,overlap,max pairwise top-K overlap,CondA vs CondB,,0.00100000,0.00100000,,,,1,1,1,9,1.2,999,9,6,12,0.3912,0.9570
0.3,0.3,free,10,RSC,overlap,max pairwise top-K overlap,CondA vs CondB,,0.00100000,0.00100000,,,,1,1,1,10,1.2,999,10,4,12,0.3358,0.9316
0.3,0.3,free,11,RSC,overlap,max pairwise top-K overlap,CondA vs CondB,,0.00100000,0.00100000,,,,1,1,1,8,1.2,999,8,8,12,0.3840,0.9067
0.3,0.3,free,12,RSC,overlap,max pairwise top-K overlap,CondA vs CondB,,0.00100000,0.00100000,,,,1,1,1,9,1.2,999,9,6,12,0.3953,0.9543
0.3,0.3,free,13,RSC,overlap,max pairwise top-K overlap,CondA vs CondB,,0.00100000,0.00100000,,,,1,1,1,9,1.2,999,9,6,12,0.3739,0.9505
0.3,0.3,free,14,RSC,overlap,max pairwise top-K overlap,CondA vs CondB,,0.00100000,0.00100000,,,,1,1,1,7,1.2,999,7,10,12,0.4336,0.9539
0.3,0.3,free,15,RSC,overlap,max pairwise top-K overlap,CondA vs CondB,,0.00100000,0.00100000,,,,1,1,1,10,1.2,999,10,4,12,0.3487,0.9522
0.3,0.3,free,16,RSC,overlap,max pairwise top-K overlap,CondA vs CondB,,0.00100000,0.00100000,,,,1,1,1,11,1.2,999,11,2,12,0.3880,0.9445
0.3,0.3,free,17,RSC,overlap,max pairwise top-K overlap,CondA vs CondB,,0.00100000,0.00100000,,,,1,1,1,9,1.2,999,9,6,12,0.3485,0.9291
0.3,0.3,free,18,RSC,overlap,max pairwise top-K overlap,CondA vs CondB,,0.00100000,0.00100000,,,,1,1,1,8,1.2,999,8,8,12,0.3990,0.9468
0.3,0.3,free,19,RSC,overlap,max pairwise top-K overlap,CondA vs CondB,,0.00100000,0.00100000,,,,1,1,1,10,1.2,999,10,4,12,0.3761,0.9341
0.4,0.3,free,0,RSC,overlap,max pairwise top-K overlap,CondA vs CondB,,0.00100000,0.00100000,,,,1,1,1,6,1.2,999,6,12,12,0.3237,0.9305
0.4,0.3,free,1,RSC,overlap,max pairwise top-K overlap,CondA vs CondB,,0.00100000,0.00100000,,,,1,1,1,6,1.2,999,6,12,12,0.3563,0.8817
0.4,0.3,free,2,RSC,overlap,max pairwise top-K overlap,CondA vs CondB,,0.00100000,0.00100000,,,,1,1,1,7,1.2,999,7,10,12,0.3269,0.8648
0.4,0.3,free,3,RSC,overlap,max pairwise top-K overlap,CondA vs CondB,,0.00100000,0.00100000,,,,1,1,1,7,1.2,999,7,10,12,0.3839,0.9279
0.4,0.3,free,4,RSC,overlap,max pairwise top-K overlap,CondA vs CondB,,0.00100000,0.00100000,,,,1,1,1,10,1.2,999,10,4,12,0.3668,0.9079
0.4,0.3,free,5,RSC,overlap,max pairwise top-K overlap,CondA vs CondB,,0.00100000,0.00100000,,,,1,1,1,8,1.2,999,8,8,12,0.3756,0.9107
0.4,0.3,free,6,RSC,overlap,max pairwise top-K overlap,CondA vs CondB,,0.00100000,0.00100000,,,,1,1,1,8,1.2,999,8,8,12,0.3402,0.8979
0.4,0.3,free,7,RSC,overlap,max pairwise top-K overlap,CondA vs CondB,,0.00100000,0.00100000,,,,1,1,1,9,1.2,999,9,6,12,0.3331,0.9161
0.4,0.3,free,8,RSC,overlap,max pairwise top-K overlap,CondA vs CondB,,0.00100000,0.00100000,,,,1,1,1,10,1.2,999,10,4,12,0.4333,0.9038
0.4,0.3,free,9,RSC,overlap,max pairwise top-K overlap,CondA vs CondB,,0.00100000,0.00100000,,,,1,1,1,7,1.2,999,7,10,12,0.3871,0.9296
0.4,0.3,free,10,RSC,overlap,max pairwise top-K overlap,CondA vs CondB,,0.00100000,0.00100000,,,,1,1,1,8,1.2,999,8,8,12,0.3288,0.8890
0.4,0.3,free,11,RSC,overlap,max pairwise top-K overlap,CondA vs CondB,,0.00100000,0.00100000,,,,1,1,1,8,1.2,999,8,8,12,0.3770,0.8465
0.4,0.3,free,12,RSC,overlap,max pairwise top-K overlap,CondA vs CondB,,0.00100000,0.00100000,,,,1,1,1,8,1.2,999,8,8,12,0.3790,0.9234
0.4,0.3,free,13,RSC,overlap,max pairwise top-K overlap,CondA vs CondB,,0.00100000,0.00100000,,,,1,1,1,9,1.2,999,9,6,12,0.3636,0.9134
0.4,0.3,free,14,RSC,overlap,max pairwise top-K overlap,CondA vs CondB,,0.00100000,0.00100000,,,,1,1,1,6,1.2,999,6,12,12,0.4236,0.9225
0.4,0.3,free,15,RSC,overlap,max pairwise top-K overlap,CondA vs CondB,,0.00100000,0.00100000,,,,1,1,1,9,1.2,999,9,6,12,0.3359,0.9185
0.4,0.3,free,16,RSC,overlap,max pairwise top-K overlap,CondA vs CondB,,0.00100000,0.00100000,,,,1,1,1,11,1.2,999,11,2,12,0.3848,0.9097
0.4,0.3,free,17,RSC,overlap,max pairwise top-K overlap,CondA vs CondB,,0.00100000,0.00100000,,,,1,1,1,7,1.2,999,7,10,12,0.3393,0.8777
0.4,0.3,free,18,RSC,overlap,max pairwise top-K overlap,CondA vs CondB,,0.00100000,0.00100000,,,,1,1,1,8,1.2,999,8,8,12,0.3878,0.9095
0.4,0.3,free,19,RSC,overlap,max pairwise top-K overlap,CondA vs CondB,,0.00100000,0.00100000,,,,1,1,1,10,1.2,999,10,4,12,0.3731,0.8920
0.5,0.3,free,0,RSC,overlap,max pairwise top-K overlap,CondA vs CondB,,0.00400000,0.00400000,,,,1,1,1,5,1.2,999,5,14,12,0.3161,0.8922
0.5,0.3,free,1,RSC,overlap,max pairwise top-K overlap,CondA vs CondB,,0.00400000,0.00400000,,,,1,1,1,5,1.2,999,5,14,12,0.3492,0.8243
0.5,0.3,free,2,RSC,overlap,max pairwise top-K overlap,CondA vs CondB,,0.00100000,0.00100000,,,,1,1,1,6,1.2,999,6,12,12,0.3176,0.8008
0.5,0.3,free,3,RSC,overlap,max pairwise top-K overlap,CondA vs CondB,,0.00100000,0.00100000,,,,1,1,1,6,1.2,999,6,12,12,0.3725,0.8874
0.5,0.3,free,4,RSC,overlap,max pairwise top-K overlap,CondA vs CondB,,0.00100000,0.00100000,,,,1,1,1,10,1.2,999,10,4,12,0.3593,0.8602
0.5,0.3,free,5,RSC,overlap,max pairwise top-K overlap,CondA vs CondB,,0.00100000,0.00100000,,,,1,1,1,8,1.2,999,8,8,12,0.3664,0.8604
0.5,0.3,free,6,RSC,overlap,max pairwise top-K overlap,CondA vs CondB,,0.00100000,0.00100000,,,,1,1,1,9,1.2,999,9,6,12,0.3291,0.8433
0.5,0.3,free,7,RSC,overlap,max pairwise top-K overlap,CondA vs CondB,,0.00100000,0.00100000,,,,1,1,1,9,1.2,999,9,6,12,0.3232,0.8688
0.5,0.3,free,8,RSC,overlap,max pairwise top-K overlap,CondA vs CondB,,0.00100000,0.00100000,,,,1,1,1,9,1.2,999,9,6,12,0.4199,0.8524
0.5,0.3,free,9,RSC,overlap,max pairwise top-K overlap,CondA vs CondB,,0.00100000,0.00100000,,,,1,1,1,6,1.2,999,6,12,12,0.3823,0.8927
0.5,0.3,free,10,RSC,overlap,max pairwise top-K overlap,CondA vs CondB,,0.00100000,0.00100000,,,,1,1,1,7,1.2,999,7,10,12,0.3183,0.8342
0.5,0.3,free,11,RSC,overlap,max pairwise top-K overlap,CondA vs CondB,,0.00100000,0.00100000,,,,1,1,1,7,1.2,999,7,10,12,0.3702,0.7713
0.5,0.3,free,12,RSC,overlap,max pairwise top-K overlap,CondA vs CondB,,0.00100000,0.00100000,,,,1,1,1,6,1.2,999,6,12,12,0.3622,0.8816
0.5,0.3,free,13,RSC,overlap,max pairwise top-K overlap,CondA vs CondB,,0.00100000,0.00100000,,,,1,1,1,6,1.2,999,6,12,12,0.3512,0.8603
0.5,0.3,free,14,RSC,overlap,max pairwise top-K overlap,CondA vs CondB,,0.00300000,0.00300000,,,,1,1,1,5,1.2,999,5,14,12,0.4100,0.8784
0.5,0.3,free,15,RSC,overlap,max pairwise top-K overlap,CondA vs CondB,,0.00100000,0.00100000,,,,1,1,1,9,1.2,999,9,6,12,0.3241,0.8722
0.5,0.3,free,16,RSC,overlap,max pairwise top-K overlap,CondA vs CondB,,0.00100000,0.00100000,,,,1,1,1,9,1.2,999,9,6,12,0.3763,0.8639
0.5,0.3,free,17,RSC,overlap,max pairwise top-K overlap,CondA vs CondB,,0.00100000,0.00100000,,,,1,1,1,6,1.2,999,6,12,12,0.3281,0.8078
0.5,0.3,free,18,RSC,overlap,max pairwise top-K overlap,CondA vs CondB,,0.00100000,0.00100000,,,,1,1,1,7,1.2,999,7,10,12,0.3754,0.8577
0.5,0.3,free,19,RSC,overlap,max pairwise top-K overlap,CondA vs CondB,,0.00100000,0.00100000,,,,1,1,1,9,1.2,999,9,6,12,0.3695,0.8363
0.65,0.3,free,0,RSC,overlap,max pairwise top-K overlap,CondA vs CondB,,0.101000,0.101000,,,,1,1,1,3,1.2,999,3,18,12,0.3052,0.8071
0.65,0.3,free,1,RSC,overlap,max pairwise top-K overlap,CondA vs CondB,,0.0200000,0.0200000,,,,1,1,1,4,1.2,999,4,16,12,0.3382,0.7132
0.65,0.3,free,2,RSC,overlap,max pairwise top-K overlap,CondA vs CondB,,0.00400000,0.00400000,,,,1,1,1,5,1.2,999,5,14,12,0.3061,0.6797
0.65,0.3,free,3,RSC,overlap,max pairwise top-K overlap,CondA vs CondB,,0.00300000,0.00300000,,,,1,1,1,5,1.2,999,5,14,12,0.3516,0.7980
0.65,0.3,free,4,RSC,overlap,max pairwise top-K overlap,CondA vs CondB,,0.00100000,0.00100000,,,,1,1,1,8,1.2,999,8,8,12,0.3443,0.7641
0.65,0.3,free,5,RSC,overlap,max pairwise top-K overlap,CondA vs CondB,,0.00100000,0.00100000,,,,1,1,1,7,1.2,999,7,10,12,0.3551,0.7538
0.65,0.3,free,6,RSC,overlap,max pairwise top-K overlap,CondA vs CondB,,0.00100000,0.00100000,,,,1,1,1,7,1.2,999,7,10,12,0.3113,0.7315
0.65,0.3,free,7,RSC,overlap,max pairwise top-K overlap,CondA vs CondB,,0.00100000,0.00100000,,,,1,1,1,6,1.2,999,6,12,12,0.3074,0.7651
0.65,0.3,free,8,RSC,overlap,max pairwise top-K overlap,CondA vs CondB,,0.00100000,0.00100000,,,,1,1,1,6,1.2,999,6,12,12,0.3952,0.7443
0.65,0.3,free,9,RSC,overlap,max pairwise top-K overlap,CondA vs CondB,,0.00200000,0.00200000,,,,1,1,1,5,1.2,999,5,14,12,0.3737,0.8136
0.65,0.3,free,10,RSC,overlap,max pairwise top-K overlap,CondA vs CondB,,0.00200000,0.00200000,,,,1,1,1,5,1.2,999,5,14,12,0.2974,0.7257
0.65,0.3,free,11,RSC,overlap,max pairwise top-K overlap,CondA vs CondB,,0.00200000,0.00200000,,,,1,1,1,6,1.2,999,6,12,12,0.3606,0.6314
0.65,0.3,free,12,RSC,overlap,max pairwise top-K overlap,CondA vs CondB,,0.00100000,0.00100000,,,,1,1,1,6,1.2,999,6,12,12,0.3373,0.7928
0.65,0.3,free,13,RSC,overlap,max pairwise top-K overlap,CondA vs CondB,,0.0180000,0.0180000,,,,1,1,1,4,1.2,999,4,16,12,0.3282,0.7401
0.65,0.3,free,14,RSC,overlap,max pairwise top-K overlap,CondA vs CondB,,0.0200000,0.0200000,,,,1,1,1,4,1.2,999,4,16,12,0.3834,0.7795
0.65,0.3,free,15,RSC,overlap,max pairwise top-K overlap,CondA vs CondB,,0.00100000,0.00100000,,,,1,1,1,8,1.2,999,8,8,12,0.3064,0.7722
0.65,0.3,free,16,RSC,overlap,max pairwise top-K overlap,CondA vs CondB,,0.00100000,0.00100000,,,,1,1,1,8,1.2,999,8,8,12,0.3560,0.7696
0.65,0.3,free,17,RSC,overlap,max pairwise top-K overlap,CondA vs CondB,,0.00200000,0.00200000,,,,1,1,1,6,1.2,999,6,12,12,0.3079,0.6632
0.65,0.3,free,18,RSC,overlap,max pairwise top-K overlap,CondA vs CondB,,0.00100000,0.00100000,,,,1,1,1,7,1.2,999,7,10,12,0.3561,0.7453
0.65,0.3,free,19,RSC,overlap,max pairwise top-K overlap,CondA vs CondB,,0.00100000,0.00100000,,,,1,1,1,9,1.2,999,9,6,12,0.3625,0.7220
0.8,0.3,free,0,RSC,overlap,max pairwise top-K overlap,CondA vs CondB,,0.0780000,0.0780000,,,,1,1,1,3,1.2,999,3,18,12,0.2928,0.6663
0.8,0.3,free,1,RSC,overlap,max pairwise top-K overlap,CondA vs CondB,,0.756000,0.756000,,,,1,1,1,1,1.2,999,1,22,12,0.3288,0.5615
0.8,0.3,free,2,RSC,overlap,max pairwise top-K overlap,CondA vs CondB,,0.0210000,0.0210000,,,,1,1,1,4,1.2,999,4,16,12,0.2975,0.5206
0.8,0.3,free,3,RSC,overlap,max pairwise top-K overlap,CondA vs CondB,,0.00300000,0.00300000,,,,1,1,1,5,1.2,999,5,14,12,0.3255,0.6524
0.8,0.3,free,4,RSC,overlap,max pairwise top-K overlap,CondA vs CondB,,0.00500000,0.00500000,,,,1,1,1,5,1.2,999,5,14,12,0.3250,0.6251
0.8,0.3,free,5,RSC,overlap,max pairwise top-K overlap,CondA vs CondB,,0.00300000,0.00300000,,,,1,1,1,5,1.2,999,5,14,12,0.3473,0.5923
0.8,0.3,free,6,RSC,overlap,max pairwise top-K overlap,CondA vs CondB,,0.00700000,0.00700000,,,,1,1,1,5,1.2,999,5,14,12,0.2921,0.5697
0.8,0.3,free,7,RSC,overlap,max pairwise top-K overlap,CondA vs CondB,,0.00300000,0.00300000,,,,1,1,1,5,1.2,999,5,14,12,0.2922,0.6001
0.8,0.3,free,8,RSC,overlap,max pairwise top-K overlap,CondA vs CondB,,0.0120000,0.0120000,,,,1,1,1,4,1.2,999,4,16,12,0.3665,0.5808
0.8,0.3,free,9,RSC,overlap,max pairwise top-K overlap,CondA vs CondB,,0.0200000,0.0200000,,,,1,1,1,4,1.2,999,4,16,12,0.3624,0.6873
0.8,0.3,free,10,RSC,overlap,max pairwise top-K overlap,CondA vs CondB,,0.0190000,0.0190000,,,,1,1,1,4,1.2,999,4,16,12,0.2745,0.5733
0.8,0.3,free,11,RSC,overlap,max pairwise top-K overlap,CondA vs CondB,,0.00300000,0.00300000,,,,1,1,1,5,1.2,999,5,14,12,0.3511,0.4535
0.8,0.3,free,12,RSC,overlap,max pairwise top-K overlap,CondA vs CondB,,0.00100000,0.00100000,,,,1,1,1,5,1.2,999,5,14,12,0.3148,0.6554
0.8,0.3,free,13,RSC,overlap,max pairwise top-K overlap,CondA vs CondB,,0.100000,0.100000,,,,1,1,1,3,1.2,999,3,18,12,0.2996,0.5461
0.8,0.3,free,14,RSC,overlap,max pairwise top-K overlap,CondA vs CondB,,0.0340000,0.0340000,,,,1,1,1,4,1.2,999,4,16,12,0.3496,0.6169
0.8,0.3,free,15,RSC,overlap,max pairwise top-K overlap,CondA vs CondB,,0.00100000,0.00100000,,,,1,1,1,6,1.2,999,6,12,12,0.2863,0.6164
0.8,0.3,free,16,RSC,overlap,max pairwise top-K overlap,CondA vs CondB,,0.00100000,0.00100000,,,,1,1,1,7,1.2,999,7,10,12,0.3301,0.6286
0.8,0.3,free,17,RSC,overlap,max pairwise top-K overlap,CondA vs CondB,,0.00500000,0.00500000,,,,1,1,1,5,1.2,999,5,14,12,0.2849,0.4580
0.8,0.3,free,18,RSC,overlap,max pairwise top-K overlap,CondA vs CondB,,0.00100000,0.00100000,,,,1,1,1,7,1.2,999,7,10,12,0.3372,0.5709
0.8,0.3,free,19,RSC,overlap,max pairwise top-K overlap,CondA vs CondB,,0.00100000,0.00100000,,,,1,1,1,7,1.2,999,7,10,12,0.3528,0.5556
0.9,0.3,free,0,RSC,overlap,max pairwise top-K overlap,CondA vs CondB,,0.731000,0.731000,,,,1,1,1,1,1.2,999,1,22,12,0.2814,0.5069
0.9,0.3,free,1,RSC,overlap,max pairwise top-K overlap,CondA vs CondB,,0.742000,0.742000,,,,1,1,1,1,1.2,999,1,22,12,0.3241,0.4175
0.9,0.3,free,2,RSC,overlap,max pairwise top-K overlap,CondA vs CondB,,0.106000,0.106000,,,,1,1,1,3,1.2,999,3,18,12,0.2925,0.3756
0.9,0.3,free,3,RSC,overlap,max pairwise top-K overlap,CondA vs CondB,,0.0180000,0.0180000,,,,1,1,1,4,1.2,999,4,16,12,0.3054,0.4903
0.9,0.3,free,4,RSC,overlap,max pairwise top-K overlap,CondA vs CondB,,0.0260000,0.0260000,,,,1,1,1,4,1.2,999,4,16,12,0.3102,0.4853
0.9,0.3,free,5,RSC,overlap,max pairwise top-K overlap,CondA vs CondB,,0.0160000,0.0160000,,,,1,1,1,4,1.2,999,4,16,12,0.3431,0.4263
0.9,0.3,free,6,RSC,overlap,max pairwise top-K overlap,CondA vs CondB,,0.0220000,0.0220000,,,,1,1,1,4,1.2,999,4,16,12,0.2785,0.4097
0.9,0.3,free,7,RSC,overlap,max pairwise top-K overlap,CondA vs CondB,,0.116000,0.116000,,,,1,1,1,3,1.2,999,3,18,12,0.2827,0.4233
0.9,0.3,free,8,RSC,overlap,max pairwise top-K overlap,CondA vs CondB,,0.0990000,0.0990000,,,,1,1,1,3,1.2,999,3,18,12,0.3460,0.4131
0.9,0.3,free,9,RSC,overlap,max pairwise top-K overlap,CondA vs CondB,,0.120000,0.120000,,,,1,1,1,3,1.2,999,3,18,12,0.3525,0.5465
0.9,0.3,free,10,RSC,overlap,max pairwise top-K overlap,CondA vs CondB,,0.346000,0.346000,,,,1,1,1,2,1.2,999,2,20,12,0.2607,0.4253
0.9,0.3,free,11,RSC,overlap,max pairwise top-K overlap,CondA vs CondB,,0.00400000,0.00400000,,,,1,1,1,5,1.2,999,5,14,12,0.3438,0.2977
0.9,0.3,free,12,RSC,overlap,max pairwise top-K overlap,CondA vs CondB,,0.116000,0.116000,,,,1,1,1,3,1.2,999,3,18,12,0.3031,0.5084
0.9,0.3,free,13,RSC,overlap,max pairwise top-K overlap,CondA vs CondB,,0.332000,0.332000,,,,1,1,1,2,1.2,999,2,20,12,0.2779,0.3421
0.9,0.3,free,14,RSC,overlap,max pairwise top-K overlap,CondA vs CondB,,0.335000,0.335000,,,,1,1,1,2,1.2,999,2,20,12,0.3230,0.4372
0.9,0.3,free,15,RSC,overlap,max pairwise top-K overlap,CondA vs CondB,,0.00100000,0.00100000,,,,1,1,1,6,1.2,999,6,12,12,0.2701,0.4513
0.9,0.3,free,16,RSC,overlap,max pairwise top-K overlap,CondA vs CondB,,0.00100000,0.00100000,,,,1,1,1,8,1.2,999,8,8,12,0.3096,0.4823
0.9,0.3,free,17,RSC,overlap,max pairwise top-K overlap,CondA vs CondB,,0.00200000,0.00200000,,,,1,1,1,5,1.2,999,5,14,12,0.2691,0.2670
0.9,0.3,free,18,RSC,overlap,max pairwise top-K overlap,CondA vs CondB,,0.00800000,0.00800000,,,,1,1,1,5,1.2,999,5,14,12,0.3252,0.3904
0.9,0.3,free,19,RSC,overlap,max pairwise top-K overlap,CondA vs CondB,,0.00100000,0.00100000,,,,1,1,1,6,1.2,999,6,12,12,0.3444,0.3908
1,0.3,free,0,RSC,overlap,max pairwise top-K overlap,CondA vs CondB,,0.332000,0.332000,,,,1,1,1,2,1.2,999,2,20,12,0.2616,0.02834
1,0.3,free,1,RSC,overlap,max pairwise top-K overlap,CondA vs CondB,,0.343000,0.343000,,,,1,1,1,2,1.2,999,2,20,12,0.3241,0.05599
1,0.3,free,2,RSC,overlap,max pairwise top-K overlap,CondA vs CondB,,0.355000,0.355000,,,,1,1,1,2,1.2,999,2,20,12,0.2874,0.02911
1,0.3,free,3,RSC,overlap,max pairwise top-K overlap,CondA vs CondB,,0.0250000,0.0250000,,,,1,1,1,4,1.2,999,4,16,12,0.2854,0.01393
1,0.3,free,4,RSC,overlap,max pairwise top-K overlap,CondA vs CondB,,0.0160000,0.0160000,,,,1,1,1,4,1.2,999,4,16,12,0.2967,0.1043
1,0.3,free,5,RSC,overlap,max pairwise top-K overlap,CondA vs CondB,,0.118000,0.118000,,,,1,1,1,3,1.2,999,3,18,12,0.3393,-0.01194
1,0.3,free,6,RSC,overlap,max pairwise top-K overlap,CondA vs CondB,,0.00100000,0.00100000,,,,1,1,1,6,1.2,999,6,12,12,0.2688,-0.0002034
1,0.3,free,7,RSC,overlap,max pairwise top-K overlap,CondA vs CondB,,0.371000,0.371000,,,,1,1,1,2,1.2,999,2,20,12,0.2708,-0.05551
1,0.3,free,8,RSC,overlap,max pairwise top-K overlap,CondA vs CondB,,0.0120000,0.0120000,,,,1,1,1,4,1.2,999,4,16,12,0.3234,-0.02780
1,0.3,free,9,RSC,overlap,max pairwise top-K overlap,CondA vs CondB,,0.00200000,0.00200000,,,,1,1,1,5,1.2,999,5,14,12,0.3386,0.1079
1,0.3,free,10,RSC,overlap,max pairwise top-K overlap,CondA vs CondB,,0.110000,0.110000,,,,1,1,1,3,1.2,999,3,18,12,0.2515,0.04592
1,0.3,free,11,RSC,overlap,max pairwise top-K overlap,CondA vs CondB,,0.00100000,0.00100000,,,,1,1,1,6,1.2,999,6,12,12,0.3308,-0.05350
1,0.3,free,12,RSC,overlap,max pairwise top-K overlap,CondA vs CondB,,0.00500000,0.00500000,,,,1,1,1,5,1.2,999,5,14,12,0.3037,0.08085
1,0.3,free,13,RSC,overlap,max pairwise top-K overlap,CondA vs CondB,,0.755000,0.755000,,,,1,1,1,1,1.2,999,1,22,12,0.2615,-0.1631
1,0.3,free,14,RSC,overlap,max pairwise top-K overlap,CondA vs CondB,,0.745000,0.745000,,,,1,1,1,1,1.2,999,1,22,12,0.2902,-0.06252
1,0.3,free,15,RSC,overlap,max pairwise top-K overlap,CondA vs CondB,,0.109000,0.109000,,,,1,1,1,3,1.2,999,3,18,12,0.2450,-0.001313
1,0.3,free,16,RSC,overlap,max pairwise top-K overlap,CondA vs CondB,,0.00100000,0.00100000,,,,1,1,1,5,1.2,999,5,14,12,0.2760,0.07261
1,0.3,free,17,RSC,overlap,max pairwise top-K overlap,CondA vs CondB,,0.0250000,0.0250000,,,,1,1,1,4,1.2,999,4,16,12,0.2618,-0.1584
1,0.3,free,18,RSC,overlap,max pairwise top-K overlap,CondA vs CondB,,0.0240000,0.0240000,,,,1,1,1,4,1.2,999,4,16,12,0.3157,-0.07373
1,0.3,free,19,RSC,overlap,max pairwise top-K overlap,CondA vs CondB,,0.0270000,0.0270000,,,,1,1,1,4,1.2,999,4,16,12,0.3300,-0.02624
1,0.3,paired,0,RSC,overlap,max pairwise top-K overlap,CondA vs CondB,,1.00000,1.00000,,,,1,1,1,2,1.2,999,2,20,12,0.2616,0.02834
1,0.3,paired,1,RSC,overlap,max pairwise top-K overlap,CondA vs CondB,,0.980000,0.980000,,,,1,1,1,2,1.2,999,2,20,12,0.3241,0.05599
1,0.3,paired,2,RSC,overlap,max pairwise top-K overlap,CondA vs CondB,,0.525000,0.525000,,,,1,1,1,2,1.2,999,2,20,12,0.2874,0.02911
1,0.3,paired,3,RSC,overlap,max pairwise top-K overlap,CondA vs CondB,,0.910000,0.910000,,,,1,1,1,4,1.2,999,4,16,12,0.2854,0.01393
1,0.3,paired,4,RSC,overlap,max pairwise top-K overlap,CondA vs CondB,,0.538000,0.538000,,,,1,1,1,4,1.2,999,4,16,12,0.2967,0.1043
1,0.3,paired,5,RSC,overlap,max pairwise top-K overlap,CondA vs CondB,,0.883000,0.883000,,,,1,1,1,3,1.2,999,3,18,12,0.3393,-0.01194
1,0.3,paired,6,RSC,overlap,max pairwise top-K overlap,CondA vs CondB,,0.487000,0.487000,,,,1,1,1,6,1.2,999,6,12,12,0.2688,-0.0002034
1,0.3,paired,7,RSC,overlap,max pairwise top-K overlap,CondA vs CondB,,0.998000,0.998000,,,,1,1,1,2,1.2,999,2,20,12,0.2708,-0.05551
1,0.3,paired,8,RSC,overlap,max pairwise top-K overlap,CondA vs CondB,,1.00000,1.00000,,,,1,1,1,4,1.2,999,4,16,12,0.3234,-0.02780
1,0.3,paired,9,RSC,overlap,max pairwise top-K overlap,CondA vs CondB,,0.386000,0.386000,,,,1,1,1,5,1.2,999,5,14,12,0.3386,0.1079
1,0.3,paired,10,RSC,overlap,max pairwise top-K overlap,CondA vs CondB,,0.999000,0.999000,,,,1,1,1,3,1.2,999,3,18,12,0.2515,0.04592
1,0.3,paired,11,RSC,overlap,max pairwise top-K overlap,CondA vs CondB,,0.327000,0.327000,,,,1,1,1,6,1.2,999,6,12,12,0.3308,-0.05350
1,0.3,paired,12,RSC,overlap,max pairwise top-K overlap,CondA vs CondB,,0.226000,0.226000,,,,1,1,1,5,1.2,999,5,14,12,0.3037,0.08085
1,0.3,paired,13,RSC,overlap,max pairwise top-K overlap,CondA vs CondB,,1.00000,1.00000,,,,1,1,1,1,1.2,999,1,22,12,0.2615,-0.1631
1,0.3,paired,14,RSC,overlap,max pairwise top-K overlap,CondA vs CondB,,1.00000,1.00000,,,,1,1,1,1,1.2,999,1,22,12,0.2902,-0.06252
1,0.3,paired,15,RSC,overlap,max pairwise top-K overlap,CondA vs CondB,,1.00000,1.00000,,,,1,1,1,3,1.2,999,3,18,12,0.2450,-0.001313
1,0.3,paired,16,RSC,overlap,max pairwise top-K overlap,CondA vs CondB,,0.547000,0.547000,,,,1,1,1,5,1.2,999,5,14,12,0.2760,0.07261
1,0.3,paired,17,RSC,overlap,max pairwise top-K overlap,CondA vs CondB,,0.187000,0.187000,,,,1,1,1,4,1.2,999,4,16,12,0.2618,-0.1584
1,0.3,paired,18,RSC,overlap,max pairwise top-K overlap,CondA vs CondB,,0.986000,0.986000,,,,1,1,1,4,1.2,999,4,16,12,0.3157,-0.07373
1,0.3,paired,19,RSC,overlap,max pairwise top-K overlap,CondA vs CondB,,1.00000,1.00000,,,,1,1,1,4,1.2,999,4,16,12,0.3300,-0.02624
0,0.5,free,0,RSC,overlap,max pairwise top-K overlap,CondA vs CondB,,0.00100000,0.00100000,,,,1,1,1,12,1.2,999,12,0,12,0.4902,0.9899
0,0.5,free,1,RSC,overlap,max pairwise top-K overlap,CondA vs CondB,,0.00100000,0.00100000,,,,1,1,1,12,1.2,999,12,0,12,0.5183,0.9910
0,0.5,free,2,RSC,overlap,max pairwise top-K overlap,CondA vs CondB,,0.00100000,0.00100000,,,,1,1,1,12,1.2,999,12,0,12,0.5300,0.9854
0,0.5,free,3,RSC,overlap,max pairwise top-K overlap,CondA vs CondB,,0.00100000,0.00100000,,,,1,1,1,12,1.2,999,12,0,12,0.5660,0.9909
0,0.5,free,4,RSC,overlap,max pairwise top-K overlap,CondA vs CondB,,0.00100000,0.00100000,,,,1,1,1,12,1.2,999,12,0,12,0.5562,0.9914
0,0.5,free,5,RSC,overlap,max pairwise top-K overlap,CondA vs CondB,,0.00100000,0.00100000,,,,1,1,1,12,1.2,999,12,0,12,0.5749,0.9913
0,0.5,free,6,RSC,overlap,max pairwise top-K overlap,CondA vs CondB,,0.00100000,0.00100000,,,,1,1,1,12,1.2,999,12,0,12,0.5367,0.9882
0,0.5,free,7,RSC,overlap,max pairwise top-K overlap,CondA vs CondB,,0.00100000,0.00100000,,,,1,1,1,12,1.2,999,12,0,12,0.5154,0.9910
0,0.5,free,8,RSC,overlap,max pairwise top-K overlap,CondA vs CondB,,0.00100000,0.00100000,,,,1,1,1,12,1.2,999,12,0,12,0.6288,0.9897
0,0.5,free,9,RSC,overlap,max pairwise top-K overlap,CondA vs CondB,,0.00100000,0.00100000,,,,1,1,1,12,1.2,999,12,0,12,0.5910,0.9918
0,0.5,free,10,RSC,overlap,max pairwise top-K overlap,CondA vs CondB,,0.00100000,0.00100000,,,,1,1,1,12,1.2,999,12,0,12,0.4803,0.9894
0,0.5,free,11,RSC,overlap,max pairwise top-K overlap,CondA vs CondB,,0.00100000,0.00100000,,,,1,1,1,12,1.2,999,12,0,12,0.5413,0.9876
0,0.5,free,12,RSC,overlap,max pairwise top-K overlap,CondA vs CondB,,0.00100000,0.00100000,,,,1,1,1,12,1.2,999,12,0,12,0.5876,0.9908
0,0.5,free,13,RSC,overlap,max pairwise top-K overlap,CondA vs CondB,,0.00100000,0.00100000,,,,1,1,1,12,1.2,999,12,0,12,0.5434,0.9911
0,0.5,free,14,RSC,overlap,max pairwise top-K overlap,CondA vs CondB,,0.00100000,0.00100000,,,,1,1,1,12,1.2,999,12,0,12,0.5788,0.9909
0,0.5,free,15,RSC,overlap,max pairwise top-K overlap,CondA vs CondB,,0.00100000,0.00100000,,,,1,1,1,12,1.2,999,12,0,12,0.5451,0.9914
0,0.5,free,16,RSC,overlap,max pairwise top-K overlap,CondA vs CondB,,0.00100000,0.00100000,,,,1,1,1,12,1.2,999,12,0,12,0.5295,0.9903
0,0.5,free,17,RSC,overlap,max pairwise top-K overlap,CondA vs CondB,,0.00100000,0.00100000,,,,1,1,1,12,1.2,999,12,0,12,0.5215,0.9911
0,0.5,free,18,RSC,overlap,max pairwise top-K overlap,CondA vs CondB,,0.00100000,0.00100000,,,,1,1,1,12,1.2,999,12,0,12,0.5746,0.9896
0,0.5,free,19,RSC,overlap,max pairwise top-K overlap,CondA vs CondB,,0.00100000,0.00100000,,,,1,1,1,12,1.2,999,12,0,12,0.5741,0.9895
0.1,0.5,free,0,RSC,overlap,max pairwise top-K overlap,CondA vs CondB,,0.00100000,0.00100000,,,,1,1,1,12,1.2,999,12,0,12,0.4892,0.9866
0.1,0.5,free,1,RSC,overlap,max pairwise top-K overlap,CondA vs CondB,,0.00100000,0.00100000,,,,1,1,1,11,1.2,999,11,2,12,0.5189,0.9819
0.1,0.5,free,2,RSC,overlap,max pairwise top-K overlap,CondA vs CondB,,0.00100000,0.00100000,,,,1,1,1,11,1.2,999,11,2,12,0.5264,0.9767
0.1,0.5,free,3,RSC,overlap,max pairwise top-K overlap,CondA vs CondB,,0.00100000,0.00100000,,,,1,1,1,9,1.2,999,9,6,12,0.5617,0.9877
0.1,0.5,free,4,RSC,overlap,max pairwise top-K overlap,CondA vs CondB,,0.00100000,0.00100000,,,,1,1,1,11,1.2,999,11,2,12,0.5576,0.9863
0.1,0.5,free,5,RSC,overlap,max pairwise top-K overlap,CondA vs CondB,,0.00100000,0.00100000,,,,1,1,1,11,1.2,999,11,2,12,0.5717,0.9871
0.1,0.5,free,6,RSC,overlap,max pairwise top-K overlap,CondA vs CondB,,0.00100000,0.00100000,,,,1,1,1,11,1.2,999,11,2,12,0.5329,0.9836
0.1,0.5,free,7,RSC,overlap,max pairwise top-K overlap,CondA vs CondB,,0.00100000,0.00100000,,,,1,1,1,12,1.2,999,12,0,12,0.5140,0.9866
0.1,0.5,free,8,RSC,overlap,max pairwise top-K overlap,CondA vs CondB,,0.00100000,0.00100000,,,,1,1,1,12,1.2,999,12,0,12,0.6292,0.9840
0.1,0.5,free,9,RSC,overlap,max pairwise top-K overlap,CondA vs CondB,,0.00100000,0.00100000,,,,1,1,1,12,1.2,999,12,0,12,0.5893,0.9877
0.1,0.5,free,10,RSC,overlap,max pairwise top-K overlap,CondA vs CondB,,0.00100000,0.00100000,,,,1,1,1,10,1.2,999,10,4,12,0.4806,0.9817
0.1,0.5,free,11,RSC,overlap,max pairwise top-K overlap,CondA vs CondB,,0.00100000,0.00100000,,,,1,1,1,12,1.2,999,12,0,12,0.5408,0.9780
0.1,0.5,free,12,RSC,overlap,max pairwise top-K overlap,CondA vs CondB,,0.00100000,0.00100000,,,,1,1,1,12,1.2,999,12,0,12,0.5830,0.9876
0.1,0.5,free,13,RSC,overlap,max pairwise top-K overlap,CondA vs CondB,,0.00100000,0.00100000,,,,1,1,1,12,1.2,999,12,0,12,0.5387,0.9876
0.1,0.5,free,14,RSC,overlap,max pairwise top-K overlap,CondA vs CondB,,0.00100000,0.00100000,,,,1,1,1,12,1.2,999,12,0,12,0.5802,0.9868
0.1,0.5,free,15,RSC,overlap,max pairwise top-K overlap,CondA vs CondB,,0.00100000,0.00100000,,,,1,1,1,11,1.2,999,11,2,12,0.5376,0.9878
0.1,0.5,free,16,RSC,overlap,max pairwise top-K overlap,CondA vs CondB,,0.00100000,0.00100000,,,,1,1,1,11,1.2,999,11,2,12,0.5370,0.9845
0.1,0.5,free,17,RSC,overlap,max pairwise top-K overlap,CondA vs CondB,,0.00100000,0.00100000,,,,1,1,1,11,1.2,999,11,2,12,0.5176,0.9841
0.1,0.5,free,18,RSC,overlap,max pairwise top-K overlap,CondA vs CondB,,0.00100000,0.00100000,,,,1,1,1,11,1.2,999,11,2,12,0.5723,0.9856
0.1,0.5,free,19,RSC,overlap,max pairwise top-K overlap,CondA vs CondB,,0.00100000,0.00100000,,,,1,1,1,11,1.2,999,11,2,12,0.5737,0.9822
0.2,0.5,free,0,RSC,overlap,max pairwise top-K overlap,CondA vs CondB,,0.00100000,0.00100000,,,,1,1,1,11,1.2,999,11,2,12,0.4863,0.9761
0.2,0.5,free,1,RSC,overlap,max pairwise top-K overlap,CondA vs CondB,,0.00100000,0.00100000,,,,1,1,1,10,1.2,999,10,4,12,0.5191,0.9602
0.2,0.5,free,2,RSC,overlap,max pairwise top-K overlap,CondA vs CondB,,0.00100000,0.00100000,,,,1,1,1,11,1.2,999,11,2,12,0.5215,0.9533
0.2,0.5,free,3,RSC,overlap,max pairwise top-K overlap,CondA vs CondB,,0.00100000,0.00100000,,,,1,1,1,9,1.2,999,9,6,12,0.5558,0.9766
0.2,0.5,free,4,RSC,overlap,max pairwise top-K overlap,CondA vs CondB,,0.00100000,0.00100000,,,,1,1,1,11,1.2,999,11,2,12,0.5575,0.9707
0.2,0.5,free,5,RSC,overlap,max pairwise top-K overlap,CondA vs CondB,,0.00100000,0.00100000,,,,1,1,1,10,1.2,999,10,4,12,0.5676,0.9728
0.2,0.5,free,6,RSC,overlap,max pairwise top-K overlap,CondA vs CondB,,0.00100000,0.00100000,,,,1,1,1,10,1.2,999,10,4,12,0.5281,0.9671
0.2,0.5,free,7,RSC,overlap,max pairwise top-K overlap,CondA vs CondB,,0.00100000,0.00100000,,,,1,1,1,12,1.2,999,12,0,12,0.5102,0.9733
0.2,0.5,free,8,RSC,overlap,max pairwise top-K overlap,CondA vs CondB,,0.00100000,0.00100000,,,,1,1,1,11,1.2,999,11,2,12,0.6263,0.9683
0.2,0.5,free,9,RSC,overlap,max pairwise top-K overlap,CondA vs CondB,,0.00100000,0.00100000,,,,1,1,1,11,1.2,999,11,2,12,0.5870,0.9761
0.2,0.5,free,10,RSC,overlap,max pairwise top-K overlap,CondA vs CondB,,0.00100000,0.00100000,,,,1,1,1,10,1.2,999,10,4,12,0.4792,0.9623
0.2,0.5,free,11,RSC,overlap,max pairwise top-K overlap,CondA vs CondB,,0.00100000,0.00100000,,,,1,1,1,10,1.2,999,10,4,12,0.5384,0.9507
0.2,0.5,free,12,RSC,overlap,max pairwise top-K overlap,CondA vs CondB,,0.00100000,0.00100000,,,,1,1,1,11,1.2,999,11,2,12,0.5738,0.9755
0.2,0.5,free,13,RSC,overlap,max pairwise top-K overlap,CondA vs CondB,,0.00100000,0.00100000,,,,1,1,1,11,1.2,999,11,2,12,0.5325,0.9747
0.2,0.5,free,14,RSC,overlap,max pairwise top-K overlap,CondA vs CondB,,0.00100000,0.00100000,,,,1,1,1,11,1.2,999,11,2,12,0.5777,0.9747
0.2,0.5,free,15,RSC,overlap,max pairwise top-K overlap,CondA vs CondB,,0.00100000,0.00100000,,,,1,1,1,11,1.2,999,11,2,12,0.5281,0.9749
0.2,0.5,free,16,RSC,overlap,max pairwise top-K overlap,CondA vs CondB,,0.00100000,0.00100000,,,,1,1,1,10,1.2,999,10,4,12,0.5424,0.9692
0.2,0.5,free,17,RSC,overlap,max pairwise top-K overlap,CondA vs CondB,,0.00100000,0.00100000,,,,1,1,1,11,1.2,999,11,2,12,0.5127,0.9639
0.2,0.5,free,18,RSC,overlap,max pairwise top-K overlap,CondA vs CondB,,0.00100000,0.00100000,,,,1,1,1,11,1.2,999,11,2,12,0.5674,0.9718
0.2,0.5,free,19,RSC,overlap,max pairwise top-K overlap,CondA vs CondB,,0.00100000,0.00100000,,,,1,1,1,10,1.2,999,10,4,12,0.5727,0.9639
0.3,0.5,free,0,RSC,overlap,max pairwise top-K overlap,CondA vs CondB,,0.00100000,0.00100000,,,,1,1,1,10,1.2,999,10,4,12,0.4827,0.9577
0.3,0.5,free,1,RSC,overlap,max pairwise top-K overlap,CondA vs CondB,,0.00100000,0.00100000,,,,1,1,1,9,1.2,999,9,6,12,0.5185,0.9264
0.3,0.5,free,2,RSC,overlap,max pairwise top-K overlap,CondA vs CondB,,0.00100000,0.00100000,,,,1,1,1,9,1.2,999,9,6,12,0.5158,0.9157
0.3,0.5,free,3,RSC,overlap,max pairwise top-K overlap,CondA vs CondB,,0.00100000,0.00100000,,,,1,1,1,8,1.2,999,8,8,12,0.5486,0.9571
0.3,0.5,free,4,RSC,overlap,max pairwise top-K overlap,CondA vs CondB,,0.00100000,0.00100000,,,,1,1,1,11,1.2,999,11,2,12,0.5555,0.9447
0.3,0.5,free,5,RSC,overlap,max pairwise top-K overlap,CondA vs CondB,,0.00100000,0.00100000,,,,1,1,1,10,1.2,999,10,4,12,0.5625,0.9476
0.3,0.5,free,6,RSC,overlap,max pairwise top-K overlap,CondA vs CondB,,0.00100000,0.00100000,,,,1,1,1,9,1.2,999,9,6,12,0.5224,0.9384
0.3,0.5,free,7,RSC,overlap,max pairwise top-K overlap,CondA vs CondB,,0.00100000,0.00100000,,,,1,1,1,11,1.2,999,11,2,12,0.5055,0.9503
0.3,0.5,free,8,RSC,overlap,max pairwise top-K overlap,CondA vs CondB,,0.00100000,0.00100000,,,,1,1,1,10,1.2,999,10,4,12,0.6208,0.9419
0.3,0.5,free,9,RSC,overlap,max pairwise top-K overlap,CondA vs CondB,,0.00100000,0.00100000,,,,1,1,1,10,1.2,999,10,4,12,0.5843,0.9569
0.3,0.5,free,10,RSC,overlap,max pairwise top-K overlap,CondA vs CondB,,0.00100000,0.00100000,,,,1,1,1,10,1.2,999,10,4,12,0.4766,0.9313
0.3,0.5,free,11,RSC,overlap,max pairwise top-K overlap,CondA vs CondB,,0.00100000,0.00100000,,,,1,1,1,9,1.2,999,9,6,12,0.5349,0.9065
0.3,0.5,free,12,RSC,overlap,max pairwise top-K overlap,CondA vs CondB,,0.00100000,0.00100000,,,,1,1,1,11,1.2,999,11,2,12,0.5619,0.9541
0.3,0.5,free,13,RSC,overlap,max pairwise top-K overlap,CondA vs CondB,,0.00100000,0.00100000,,,,1,1,1,10,1.2,999,10,4,12,0.5250,0.9509
0.3,0.5,free,14,RSC,overlap,max pairwise top-K overlap,CondA vs CondB,,0.00100000,0.00100000,,,,1,1,1,11,1.2,999,11,2,12,0.5716,0.9537
0.3,0.5,free,15,RSC,overlap,max pairwise top-K overlap,CondA vs CondB,,0.00100000,0.00100000,,,,1,1,1,9,1.2,999,9,6,12,0.5192,0.9521
0.3,0.5,free,16,RSC,overlap,max pairwise top-K overlap,CondA vs CondB,,0.00100000,0.00100000,,,,1,1,1,10,1.2,999,10,4,12,0.5445,0.9443
0.3,0.5,free,17,RSC,overlap,max pairwise top-K overlap,CondA vs CondB,,0.00100000,0.00100000,,,,1,1,1,10,1.2,999,10,4,12,0.5066,0.9289
0.3,0.5,free,18,RSC,overlap,max pairwise top-K overlap,CondA vs CondB,,0.00100000,0.00100000,,,,1,1,1,11,1.2,999,11,2,12,0.5602,0.9470
0.3,0.5,free,19,RSC,overlap,max pairwise top-K overlap,CondA vs CondB,,0.00100000,0.00100000,,,,1,1,1,9,1.2,999,9,6,12,0.5714,0.9342
0.4,0.5,free,0,RSC,overlap,max pairwise top-K overlap,CondA vs CondB,,0.00100000,0.00100000,,,,1,1,1,9,1.2,999,9,6,12,0.4790,0.9304
0.4,0.5,free,1,RSC,overlap,max pairwise top-K overlap,CondA vs CondB,,0.00100000,0.00100000,,,,1,1,1,8,1.2,999,8,8,12,0.5171,0.8805
0.4,0.5,free,2,RSC,overlap,max pairwise top-K overlap,CondA vs CondB,,0.00100000,0.00100000,,,,1,1,1,8,1.2,999,8,8,12,0.5100,0.8647
0.4,0.5,free,3,RSC,overlap,max pairwise top-K overlap,CondA vs CondB,,0.00100000,0.00100000,,,,1,1,1,7,1.2,999,7,10,12,0.5404,0.9280
0.4,0.5,free,4,RSC,overlap,max pairwise top-K overlap,CondA vs CondB,,0.00100000,0.00100000,,,,1,1,1,11,1.2,999,11,2,12,0.5516,0.9083
0.4,0.5,free,5,RSC,overlap,max pairwise top-K overlap,CondA vs CondB,,0.00100000,0.00100000,,,,1,1,1,9,1.2,999,9,6,12,0.5568,0.9106
0.4,0.5,free,6,RSC,overlap,max pairwise top-K overlap,CondA vs CondB,,0.00100000,0.00100000,,,,1,1,1,8,1.2,999,8,8,12,0.5158,0.8972
0.4,0.5,free,7,RSC,overlap,max pairwise top-K overlap,CondA vs CondB,,0.00100000,0.00100000,,,,1,1,1,10,1.2,999,10,4,12,0.5002,0.9162
0.4,0.5,free,8,RSC,overlap,max pairwise top-K overlap,CondA vs CondB,,0.00100000,0.00100000,,,,1,1,1,10,1.2,999,10,4,12,0.6131,0.9039
0.4,0.5,free,9,RSC,overlap,max pairwise top-K overlap,CondA vs CondB,,0.00100000,0.00100000,,,,1,1,1,9,1.2,999,9,6,12,0.5812,0.9294
0.4,0.5,free,10,RSC,overlap,max pairwise top-K overlap,CondA vs CondB,,0.00100000,0.00100000,,,,1,1,1,9,1.2,999,9,6,12,0.4722,0.8887
0.4,0.5,free,11,RSC,overlap,max pairwise top-K overlap,CondA vs CondB,,0.00100000,0.00100000,,,,1,1,1,9,1.2,999,9,6,12,0.5314,0.8462
0.4,0.5,free,12,RSC,overlap,max pairwise top-K overlap,CondA vs CondB,,0.00100000,0.00100000,,,,1,1,1,10,1.2,999,10,4,12,0.5494,0.9231
0.4,0.5,free,13,RSC,overlap,max pairwise top-K overlap,CondA vs CondB,,0.00100000,0.00100000,,,,1,1,1,10,1.2,999,10,4,12,0.5160,0.9141
0.4,0.5,free,14,RSC,overlap,max pairwise top-K overlap,CondA vs CondB,,0.00100000,0.00100000,,,,1,1,1,10,1.2,999,10,4,12,0.5626,0.9222
0.4,0.5,free,15,RSC,overlap,max pairwise top-K overlap,CondA vs CondB,,0.00100000,0.00100000,,,,1,1,1,8,1.2,999,8,8,12,0.5114,0.9183
0.4,0.5,free,16,RSC,overlap,max pairwise top-K overlap,CondA vs CondB,,0.00100000,0.00100000,,,,1,1,1,11,1.2,999,11,2,12,0.5424,0.9095
0.4,0.5,free,17,RSC,overlap,max pairwise top-K overlap,CondA vs CondB,,0.00100000,0.00100000,,,,1,1,1,8,1.2,999,8,8,12,0.4992,0.8773
0.4,0.5,free,18,RSC,overlap,max pairwise top-K overlap,CondA vs CondB,,0.00100000,0.00100000,,,,1,1,1,10,1.2,999,10,4,12,0.5513,0.9098
0.4,0.5,free,19,RSC,overlap,max pairwise top-K overlap,CondA vs CondB,,0.00100000,0.00100000,,,,1,1,1,9,1.2,999,9,6,12,0.5700,0.8923
0.5,0.5,free,0,RSC,overlap,max pairwise top-K overlap,CondA vs CondB,,0.00100000,0.00100000,,,,1,1,1,8,1.2,999,8,8,12,0.4757,0.8921
0.5,0.5,free,1,RSC,overlap,max pairwise top-K overlap,CondA vs CondB,,0.00100000,0.00100000,,,,1,1,1,7,1.2,999,7,10,12,0.5152,0.8225
0.5,0.5,free,2,RSC,overlap,max pairwise top-K overlap,CondA vs CondB,,0.00100000,0.00100000,,,,1,1,1,7,1.2,999,7,10,12,0.5049,0.8007
0.5,0.5,free,3,RSC,overlap,max pairwise top-K overlap,CondA vs CondB,,0.00100000,0.00100000,,,,1,1,1,6,1.2,999,6,12,12,0.5309,0.8875
0.5,0.5,free,4,RSC,overlap,max pairwise top-K overlap,CondA vs CondB,,0.00100000,0.00100000,,,,1,1,1,11,1.2,999,11,2,12,0.5460,0.8608
0.5,0.5,free,5,RSC,overlap,max pairwise top-K overlap,CondA vs CondB,,0.00100000,0.00100000,,,,1,1,1,9,1.2,999,9,6,12,0.5517,0.8602
0.5,0.5,free,6,RSC,overlap,max pairwise top-K overlap,CondA vs CondB,,0.00100000,0.00100000,,,,1,1,1,8,1.2,999,8,8,12,0.5088,0.8423
0.5,0.5,free,7,RSC,overlap,max pairwise top-K overlap,CondA vs CondB,,0.00100000,0.00100000,,,,1,1,1,9,1.2,999,9,6,12,0.4945,0.8689
0.5,0.5,free,8,RSC,overlap,max pairwise top-K overlap,CondA vs CondB,,0.00100000,0.00100000,,,,1,1,1,9,1.2,999,9,6,12,0.6035,0.8525
0.5,0.5,free,9,RSC,overlap,max pairwise top-K overlap,CondA vs CondB,,0.00100000,0.00100000,,,,1,1,1,9,1.2,999,9,6,12,0.5778,0.8923
0.5,0.5,free,10,RSC,overlap,max pairwise top-K overlap,CondA vs CondB,,0.00100000,0.00100000,,,,1,1,1,8,1.2,999,8,8,12,0.4659,0.8338
0.5,0.5,free,11,RSC,overlap,max pairwise top-K overlap,CondA vs CondB,,0.00100000,0.00100000,,,,1,1,1,8,1.2,999,8,8,12,0.5283,0.7710
0.5,0.5,free,12,RSC,overlap,max pairwise top-K overlap,CondA vs CondB,,0.00100000,0.00100000,,,,1,1,1,10,1.2,999,10,4,12,0.5375,0.8810
0.5,0.5,free,13,RSC,overlap,max pairwise top-K overlap,CondA vs CondB,,0.00100000,0.00100000,,,,1,1,1,7,1.2,999,7,10,12,0.5053,0.8613
0.5,0.5,free,14,RSC,overlap,max pairwise top-K overlap,CondA vs CondB,,0.00100000,0.00100000,,,,1,1,1,8,1.2,999,8,8,12,0.5508,0.8780
0.5,0.5,free,15,RSC,overlap,max pairwise top-K overlap,CondA vs CondB,,0.00100000,0.00100000,,,,1,1,1,8,1.2,999,8,8,12,0.5042,0.8719
0.5,0.5,free,16,RSC,overlap,max pairwise top-K overlap,CondA vs CondB,,0.00100000,0.00100000,,,,1,1,1,11,1.2,999,11,2,12,0.5362,0.8635
0.5,0.5,free,17,RSC,overlap,max pairwise top-K overlap,CondA vs CondB,,0.00100000,0.00100000,,,,1,1,1,8,1.2,999,8,8,12,0.4906,0.8073
0.5,0.5,free,18,RSC,overlap,max pairwise top-K overlap,CondA vs CondB,,0.00100000,0.00100000,,,,1,1,1,9,1.2,999,9,6,12,0.5415,0.8582
0.5,0.5,free,19,RSC,overlap,max pairwise top-K overlap,CondA vs CondB,,0.00100000,0.00100000,,,,1,1,1,9,1.2,999,9,6,12,0.5684,0.8369
0.65,0.5,free,0,RSC,overlap,max pairwise top-K overlap,CondA vs CondB,,0.00100000,0.00100000,,,,1,1,1,6,1.2,999,6,12,12,0.4711,0.8067
0.65,0.5,free,1,RSC,overlap,max pairwise top-K overlap,CondA vs CondB,,0.00100000,0.00100000,,,,1,1,1,7,1.2,999,7,10,12,0.5127,0.7104
0.65,0.5,free,2,RSC,overlap,max pairwise top-K overlap,CondA vs CondB,,0.00100000,0.00100000,,,,1,1,1,7,1.2,999,7,10,12,0.4988,0.6799
0.65,0.5,free,3,RSC,overlap,max pairwise top-K overlap,CondA vs CondB,,0.00400000,0.00400000,,,,1,1,1,5,1.2,999,5,14,12,0.5139,0.7981
0.65,0.5,free,4,RSC,overlap,max pairwise top-K overlap,CondA vs CondB,,0.00100000,0.00100000,,,,1,1,1,10,1.2,999,10,4,12,0.5347,0.7647
0.65,0.5,free,5,RSC,overlap,max pairwise top-K overlap,CondA vs CondB,,0.00100000,0.00100000,,,,1,1,1,8,1.2,999,8,8,12,0.5465,0.7531
0.65,0.5,free,6,RSC,overlap,max pairwise top-K overlap,CondA vs CondB,,0.00100000,0.00100000,,,,1,1,1,8,1.2,999,8,8,12,0.4980,0.7300
0.65,0.5,free,7,RSC,overlap,max pairwise top-K overlap,CondA vs CondB,,0.00100000,0.00100000,,,,1,1,1,8,1.2,999,8,8,12,0.4858,0.7651
0.65,0.5,free,8,RSC,overlap,max pairwise top-K overlap,CondA vs CondB,,0.00100000,0.00100000,,,,1,1,1,9,1.2,999,9,6,12,0.5861,0.7444
0.65,0.5,free,9,RSC,overlap,max pairwise top-K overlap,CondA vs CondB,,0.00100000,0.00100000,,,,1,1,1,7,1.2,999,7,10,12,0.5720,0.8126
0.65,0.5,free,10,RSC,overlap,max pairwise top-K overlap,CondA vs CondB,,0.00100000,0.00100000,,,,1,1,1,7,1.2,999,7,10,12,0.4536,0.7252
0.65,0.5,free,11,RSC,overlap,max pairwise top-K overlap,CondA vs CondB,,0.00100000,0.00100000,,,,1,1,1,7,1.2,999,7,10,12,0.5242,0.6311
0.65,0.5,free,12,RSC,overlap,max pairwise top-K overlap,CondA vs CondB,,0.00100000,0.00100000,,,,1,1,1,10,1.2,999,10,4,12,0.5214,0.7918
0.65,0.5,free,13,RSC,overlap,max pairwise top-K overlap,CondA vs CondB,,0.00100000,0.00100000,,,,1,1,1,6,1.2,999,6,12,12,0.4863,0.7415
0.65,0.5,free,14,RSC,overlap,max pairwise top-K overlap,CondA vs CondB,,0.00100000,0.00100000,,,,1,1,1,8,1.2,999,8,8,12,0.5289,0.7788
0.65,0.5,free,15,RSC,overlap,max pairwise top-K overlap,CondA vs CondB,,0.00100000,0.00100000,,,,1,1,1,7,1.2,999,7,10,12,0.4930,0.7720
0.65,0.5,free,16,RSC,overlap,max pairwise top-K overlap,CondA vs CondB,,0.00100000,0.00100000,,,,1,1,1,11,1.2,999,11,2,12,0.5213,0.7690
0.65,0.5,free,17,RSC,overlap,max pairwise top-K overlap,CondA vs CondB,,0.00100000,0.00100000,,,,1,1,1,6,1.2,999,6,12,12,0.4760,0.6623
0.65,0.5,free,18,RSC,overlap,max pairwise top-K overlap,CondA vs CondB,,0.00100000,0.00100000,,,,1,1,1,9,1.2,999,9,6,12,0.5265,0.7458
0.65,0.5,free,19,RSC,overlap,max pairwise top-K overlap,CondA vs CondB,,0.00100000,0.00100000,,,,1,1,1,8,1.2,999,8,8,12,0.5654,0.7234
0.8,0.5,free,0,RSC,overlap,max pairwise top-K overlap,CondA vs CondB,,0.0210000,0.0210000,,,,1,1,1,4,1.2,999,4,16,12,0.4653,0.6656
0.8,0.5,free,1,RSC,overlap,max pairwise top-K overlap,CondA vs CondB,,0.00300000,0.00300000,,,,1,1,1,5,1.2,999,5,14,12,0.5117,0.5574
0.8,0.5,free,2,RSC,overlap,max pairwise top-K overlap,CondA vs CondB,,0.00200000,0.00200000,,,,1,1,1,5,1.2,999,5,14,12,0.4945,0.5212
0.8,0.5,free,3,RSC,overlap,max pairwise top-K overlap,CondA vs CondB,,0.0210000,0.0210000,,,,1,1,1,4,1.2,999,4,16,12,0.4934,0.6525
0.8,0.5,free,4,RSC,overlap,max pairwise top-K overlap,CondA vs CondB,,0.00100000,0.00100000,,,,1,1,1,9,1.2,999,9,6,12,0.5203,0.6255
0.8,0.5,free,5,RSC,overlap,max pairwise top-K overlap,CondA vs CondB,,0.00100000,0.00100000,,,,1,1,1,8,1.2,999,8,8,12,0.5440,0.5905
0.8,0.5,free,6,RSC,overlap,max pairwise top-K overlap,CondA vs CondB,,0.00100000,0.00100000,,,,1,1,1,6,1.2,999,6,12,12,0.4871,0.5677
0.8,0.5,free,7,RSC,overlap,max pairwise top-K overlap,CondA vs CondB,,0.00100000,0.00100000,,,,1,1,1,7,1.2,999,7,10,12,0.4777,0.5998
0.8,0.5,free,8,RSC,overlap,max pairwise top-K overlap,CondA vs CondB,,0.00100000,0.00100000,,,,1,1,1,9,1.2,999,9,6,12,0.5666,0.5807
0.8,0.5,free,9,RSC,overlap,max pairwise top-K overlap,CondA vs CondB,,0.00100000,0.00100000,,,,1,1,1,7,1.2,999,7,10,12,0.5653,0.6855
0.8,0.5,free,10,RSC,overlap,max pairwise top-K overlap,CondA vs CondB,,0.00100000,0.00100000,,,,1,1,1,6,1.2,999,6,12,12,0.4409,0.5728
0.8,0.5,free,11,RSC,overlap,max pairwise top-K overlap,CondA vs CondB,,0.00200000,0.00200000,,,,1,1,1,6,1.2,999,6,12,12,0.5201,0.4533
0.8,0.5,free,12,RSC,overlap,max pairwise top-K overlap,CondA vs CondB,,0.00100000,0.00100000,,,,1,1,1,9,1.2,999,9,6,12,0.5087,0.6540
0.8,0.5,free,13,RSC,overlap,max pairwise top-K overlap,CondA vs CondB,,0.00100000,0.00100000,,,,1,1,1,6,1.2,999,6,12,12,0.4641,0.5474
0.8,0.5,free,14,RSC,overlap,max pairwise top-K overlap,CondA vs CondB,,0.00100000,0.00100000,,,,1,1,1,6,1.2,999,6,12,12,0.5025,0.6159
0.8,0.5,free,15,RSC,overlap,max pairwise top-K overlap,CondA vs CondB,,0.00100000,0.00100000,,,,1,1,1,6,1.2,999,6,12,12,0.4794,0.6164
0.8,0.5,free,16,RSC,overlap,max pairwise top-K overlap,CondA vs CondB,,0.00100000,0.00100000,,,,1,1,1,9,1.2,999,9,6,12,0.5023,0.6278
0.8,0.5,free,17,RSC,overlap,max pairwise top-K overlap,CondA vs CondB,,0.00100000,0.00100000,,,,1,1,1,7,1.2,999,7,10,12,0.4605,0.4566
0.8,0.5,free,18,RSC,overlap,max pairwise top-K overlap,CondA vs CondB,,0.00100000,0.00100000,,,,1,1,1,9,1.2,999,9,6,12,0.5123,0.5714
0.8,0.5,free,19,RSC,overlap,max pairwise top-K overlap,CondA vs CondB,,0.00100000,0.00100000,,,,1,1,1,7,1.2,999,7,10,12,0.5608,0.5582
0.9,0.5,free,0,RSC,overlap,max pairwise top-K overlap,CondA vs CondB,,0.124000,0.124000,,,,1,1,1,3,1.2,999,3,18,12,0.4591,0.5058
0.9,0.5,free,1,RSC,overlap,max pairwise top-K overlap,CondA vs CondB,,0.0180000,0.0180000,,,,1,1,1,4,1.2,999,4,16,12,0.5121,0.4126
0.9,0.5,free,2,RSC,overlap,max pairwise top-K overlap,CondA vs CondB,,0.00100000,0.00100000,,,,1,1,1,6,1.2,999,6,12,12,0.4915,0.3766
0.9,0.5,free,3,RSC,overlap,max pairwise top-K overlap,CondA vs CondB,,0.0210000,0.0210000,,,,1,1,1,4,1.2,999,4,16,12,0.4782,0.4904
0.9,0.5,free,4,RSC,overlap,max pairwise top-K overlap,CondA vs CondB,,0.00100000,0.00100000,,,,1,1,1,8,1.2,999,8,8,12,0.5093,0.4852
0.9,0.5,free,5,RSC,overlap,max pairwise top-K overlap,CondA vs CondB,,0.00100000,0.00100000,,,,1,1,1,9,1.2,999,9,6,12,0.5432,0.4234
0.9,0.5,free,6,RSC,overlap,max pairwise top-K overlap,CondA vs CondB,,0.00500000,0.00500000,,,,1,1,1,5,1.2,999,5,14,12,0.4797,0.4076
0.9,0.5,free,7,RSC,overlap,max pairwise top-K overlap,CondA vs CondB,,0.00500000,0.00500000,,,,1,1,1,5,1.2,999,5,14,12,0.4723,0.4226
0.9,0.5,free,8,RSC,overlap,max pairwise top-K overlap,CondA vs CondB,,0.00100000,0.00100000,,,,1,1,1,7,1.2,999,7,10,12,0.5530,0.4128
0.9,0.5,free,9,RSC,overlap,max pairwise top-K overlap,CondA vs CondB,,0.00100000,0.00100000,,,,1,1,1,6,1.2,999,6,12,12,0.5599,0.5438
0.9,0.5,free,10,RSC,overlap,max pairwise top-K overlap,CondA vs CondB,,0.00100000,0.00100000,,,,1,1,1,7,1.2,999,7,10,12,0.4336,0.4249
0.9,0.5,free,11,RSC,overlap,max pairwise top-K overlap,CondA vs CondB,,0.00300000,0.00300000,,,,1,1,1,5,1.2,999,5,14,12,0.5165,0.2974
0.9,0.5,free,12,RSC,overlap,max pairwise top-K overlap,CondA vs CondB,,0.00100000,0.00100000,,,,1,1,1,8,1.2,999,8,8,12,0.5033,0.5066
0.9,0.5,free,13,RSC,overlap,max pairwise top-K overlap,CondA vs CondB,,0.00300000,0.00300000,,,,1,1,1,5,1.2,999,5,14,12,0.4487,0.3427
0.9,0.5,free,14,RSC,overlap,max pairwise top-K overlap,CondA vs CondB,,0.0280000,0.0280000,,,,1,1,1,4,1.2,999,4,16,12,0.4831,0.4360
0.9,0.5,free,15,RSC,overlap,max pairwise top-K overlap,CondA vs CondB,,0.00100000,0.00100000,,,,1,1,1,6,1.2,999,6,12,12,0.4680,0.4517
0.9,0.5,free,16,RSC,overlap,max pairwise top-K overlap,CondA vs CondB,,0.00100000,0.00100000,,,,1,1,1,9,1.2,999,9,6,12,0.4873,0.4815
0.9,0.5,free,17,RSC,overlap,max pairwise top-K overlap,CondA vs CondB,,0.00200000,0.00200000,,,,1,1,1,6,1.2,999,6,12,12,0.4511,0.2653
0.9,0.5,free,18,RSC,overlap,max pairwise top-K overlap,CondA vs CondB,,0.00100000,0.00100000,,,,1,1,1,8,1.2,999,8,8,12,0.5034,0.3906
0.9,0.5,free,19,RSC,overlap,max pairwise top-K overlap,CondA vs CondB,,0.00100000,0.00100000,,,,1,1,1,7,1.2,999,7,10,12,0.5564,0.3945
1,0.5,free,0,RSC,overlap,max pairwise top-K overlap,CondA vs CondB,,0.0170000,0.0170000,,,,1,1,1,4,1.2,999,4,16,12,0.4464,0.02626
1,0.5,free,1,RSC,overlap,max pairwise top-K overlap,CondA vs CondB,,0.00200000,0.00200000,,,,1,1,1,5,1.2,999,5,14,12,0.5151,0.05086
1,0.5,free,2,RSC,overlap,max pairwise top-K overlap,CondA vs CondB,,0.00400000,0.00400000,,,,1,1,1,5,1.2,999,5,14,12,0.4855,0.03097
1,0.5,free,3,RSC,overlap,max pairwise top-K overlap,CondA vs CondB,,0.00200000,0.00200000,,,,1,1,1,5,1.2,999,5,14,12,0.4640,0.01403
1,0.5,free,4,RSC,overlap,max pairwise top-K overlap,CondA vs CondB,,0.00100000,0.00100000,,,,1,1,1,7,1.2,999,7,10,12,0.4992,0.1026
1,0.5,free,5,RSC,overlap,max pairwise top-K overlap,CondA vs CondB,,0.00100000,0.00100000,,,,1,1,1,6,1.2,999,6,12,12,0.5429,-0.01662
1,0.5,free,6,RSC,overlap,max pairwise top-K overlap,CondA vs CondB,,0.00500000,0.00500000,,,,1,1,1,5,1.2,999,5,14,12,0.4751,-0.001411
1,0.5,free,7,RSC,overlap,max pairwise top-K overlap,CondA vs CondB,,0.0180000,0.0180000,,,,1,1,1,4,1.2,999,4,16,12,0.4632,-0.05735
1,0.5,free,8,RSC,overlap,max pairwise top-K overlap,CondA vs CondB,,0.00100000,0.00100000,,,,1,1,1,7,1.2,999,7,10,12,0.5394,-0.02862
1,0.5,free,9,RSC,overlap,max pairwise top-K overlap,CondA vs CondB,,0.00100000,0.00100000,,,,1,1,1,8,1.2,999,8,8,12,0.5531,0.1034
1,0.5,free,10,RSC,overlap,max pairwise top-K overlap,CondA vs CondB,,0.00100000,0.00100000,,,,1,1,1,6,1.2,999,6,12,12,0.4282,0.04599
1,0.5,free,11,RSC,overlap,max pairwise top-K overlap,CondA vs CondB,,0.00200000,0.00200000,,,,1,1,1,6,1.2,999,6,12,12,0.5078,-0.05363
1,0.5,free,12,RSC,overlap,max pairwise top-K overlap,CondA vs CondB,,0.00100000,0.00100000,,,,1,1,1,7,1.2,999,7,10,12,0.5081,0.07930
1,0.5,free,13,RSC,overlap,max pairwise top-K overlap,CondA vs CondB,,0.00300000,0.00300000,,,,1,1,1,5,1.2,999,5,14,12,0.4396,-0.1649
1,0.5,free,14,RSC,overlap,max pairwise top-K overlap,CondA vs CondB,,0.00200000,0.00200000,,,,1,1,1,5,1.2,999,5,14,12,0.4620,-0.06330
1,0.5,free,15,RSC,overlap,max pairwise top-K overlap,CondA vs CondB,,0.0200000,0.0200000,,,,1,1,1,4,1.2,999,4,16,12,0.4486,0.0001719
1,0.5,free,16,RSC,overlap,max pairwise top-K overlap,CondA vs CondB,,0.00100000,0.00100000,,,,1,1,1,6,1.2,999,6,12,12,0.4616,0.07185
1,0.5,free,17,RSC,overlap,max pairwise top-K overlap,CondA vs CondB,,0.00700000,0.00700000,,,,1,1,1,5,1.2,999,5,14,12,0.4507,-0.1599
1,0.5,free,18,RSC,overlap,max pairwise top-K overlap,CondA vs CondB,,0.00100000,0.00100000,,,,1,1,1,7,1.2,999,7,10,12,0.4959,-0.07473
1,0.5,free,19,RSC,overlap,max pairwise top-K overlap,CondA vs CondB,,0.00100000,0.00100000,,,,1,1,1,6,1.2,999,6,12,12,0.5472,-0.02114
1,0.5,paired,0,RSC,overlap,max pairwise top-K overlap,CondA vs CondB,,0.883000,0.883000,,,,1,1,1,4,1.2,999,4,16,12,0.4464,0.02626
1,0.5,paired,1,RSC,overlap,max pairwise top-K overlap,CondA vs CondB,,0.895000,0.895000,,,,1,1,1,5,1.2,999,5,14,12,0.5151,0.05086
1,0.5,paired,2,RSC,overlap,max pairwise top-K overlap,CondA vs CondB,,0.798000,0.798000,,,,1,1,1,5,1.2,999,5,14,12,0.4855,0.03097
1,0.5,paired,3,RSC,overlap,max pairwise top-K overlap,CondA vs CondB,,0.986000,0.986000,,,,1,1,1,5,1.2,999,5,14,12,0.4640,0.01403
1,0.5,paired,4,RSC,overlap,max pairwise top-K overlap,CondA vs CondB,,0.666000,0.666000,,,,1,1,1,7,1.2,999,7,10,12,0.4992,0.1026
1,0.5,paired,5,RSC,overlap,max pairwise top-K overlap,CondA vs CondB,,0.134000,0.134000,,,,1,1,1,6,1.2,999,6,12,12,0.5429,-0.01662
1,0.5,paired,6,RSC,overlap,max pairwise top-K overlap,CondA vs CondB,,0.978000,0.978000,,,,1,1,1,5,1.2,999,5,14,12,0.4751,-0.001411
1,0.5,paired,7,RSC,overlap,max pairwise top-K overlap,CondA vs CondB,,0.967000,0.967000,,,,1,1,1,4,1.2,999,4,16,12,0.4632,-0.05735
1,0.5,paired,8,RSC,overlap,max pairwise top-K overlap,CondA vs CondB,,0.787000,0.787000,,,,1,1,1,7,1.2,999,7,10,12,0.5394,-0.02862
1,0.5,paired,9,RSC,overlap,max pairwise top-K overlap,CondA vs CondB,,0.724000,0.724000,,,,1,1,1,8,1.2,999,8,8,12,0.5531,0.1034
1,0.5,paired,10,RSC,overlap,max pairwise top-K overlap,CondA vs CondB,,0.690000,0.690000,,,,1,1,1,6,1.2,999,6,12,12,0.4282,0.04599
1,0.5,paired,11,RSC,overlap,max pairwise top-K overlap,CondA vs CondB,,0.924000,0.924000,,,,1,1,1,6,1.2,999,6,12,12,0.5078,-0.05363
1,0.5,paired,12,RSC,overlap,max pairwise top-K overlap,CondA vs CondB,,0.732000,0.732000,,,,1,1,1,7,1.2,999,7,10,12,0.5081,0.07930
1,0.5,paired,13,RSC,overlap,max pairwise top-K overlap,CondA vs CondB,,0.776000,0.776000,,,,1,1,1,5,1.2,999,5,14,12,0.4396,-0.1649
1,0.5,paired,14,RSC,overlap,max pairwise top-K overlap,CondA vs CondB,,0.786000,0.786000,,,,1,1,1,5,1.2,999,5,14,12,0.4620,-0.06330
1,0.5,paired,15,RSC,overlap,max pairwise top-K overlap,CondA vs CondB,,1.00000,1.00000,,,,1,1,1,4,1.2,999,4,16,12,0.4486,0.0001719
1,0.5,paired,16,RSC,overlap,max pairwise top-K overlap,CondA vs CondB,,0.699000,0.699000,,,,1,1,1,6,1.2,999,6,12,12,0.4616,0.07185
1,0.5,paired,17,RSC,overlap,max pairwise top-K overlap,CondA vs CondB,,0.936000,0.936000,,,,1,1,1,5,1.2,999,5,14,12,0.4507,-0.1599
1,0.5,paired,18,RSC,overlap,max pairwise top-K overlap,CondA vs CondB,,0.943000,0.943000,,,,1,1,1,7,1.2,999,7,10,12,0.4959,-0.07473
1,0.5,paired,19,RSC,overlap,max pairwise top-K overlap,CondA vs CondB,,0.988000,0.988000,,,,1,1,1,6,1.2,999,6,12,12,0.5472,-0.02114
0,0.75,free,0,RSC,overlap,max pairwise top-K overlap,CondA vs CondB,,0.00100000,0.00100000,,,,1,1,1,12,1.2,999,12,0,12,0.6978,0.9898
0,0.75,free,1,RSC,overlap,max pairwise top-K overlap,CondA vs CondB,,0.00100000,0.00100000,,,,1,1,1,12,1.2,999,12,0,12,0.7402,0.9909
0,0.75,free,2,RSC,overlap,max pairwise top-K overlap,CondA vs CondB,,0.00100000,0.00100000,,,,1,1,1,12,1.2,999,12,0,12,0.7621,0.9853
0,0.75,free,3,RSC,overlap,max pairwise top-K overlap,CondA vs CondB,,0.00100000,0.00100000,,,,1,1,1,12,1.2,999,12,0,12,0.7797,0.9909
0,0.75,free,4,RSC,overlap,max pairwise top-K overlap,CondA vs CondB,,0.00100000,0.00100000,,,,1,1,1,12,1.2,999,12,0,12,0.7975,0.9914
0,0.75,free,5,RSC,overlap,max pairwise top-K overlap,CondA vs CondB,,0.00100000,0.00100000,,,,1,1,1,12,1.2,999,12,0,12,0.8156,0.9914
0,0.75,free,6,RSC,overlap,max pairwise top-K overlap,CondA vs CondB,,0.00100000,0.00100000,,,,1,1,1,12,1.2,999,12,0,12,0.7644,0.9881
0,0.75,free,7,RSC,overlap,max pairwise top-K overlap,CondA vs CondB,,0.00100000,0.00100000,,,,1,1,1,12,1.2,999,12,0,12,0.7365,0.9909
0,0.75,free,8,RSC,overlap,max pairwise top-K overlap,CondA vs CondB,,0.00100000,0.00100000,,,,1,1,1,12,1.2,999,12,0,12,0.8720,0.9897
0,0.75,free,9,RSC,overlap,max pairwise top-K overlap,CondA vs CondB,,0.00100000,0.00100000,,,,1,1,1,12,1.2,999,12,0,12,0.8470,0.9919
0,0.75,free,10,RSC,overlap,max pairwise top-K overlap,CondA vs CondB,,0.00100000,0.00100000,,,,1,1,1,12,1.2,999,12,0,12,0.6752,0.9893
0,0.75,free,11,RSC,overlap,max pairwise top-K overlap,CondA vs CondB,,0.00100000,0.00100000,,,,1,1,1,12,1.2,999,12,0,12,0.7543,0.9876
0,0.75,free,12,RSC,overlap,max pairwise top-K overlap,CondA vs CondB,,0.00100000,0.00100000,,,,1,1,1,12,1.2,999,12,0,12,0.8224,0.9908
0,0.75,free,13,RSC,overlap,max pairwise top-K overlap,CondA vs CondB,,0.00100000,0.00100000,,,,1,1,1,12,1.2,999,12,0,12,0.7500,0.9910
0,0.75,free,14,RSC,overlap,max pairwise top-K overlap,CondA vs CondB,,0.00100000,0.00100000,,,,1,1,1,12,1.2,999,12,0,12,0.7758,0.9908
0,0.75,free,15,RSC,overlap,max pairwise top-K overlap,CondA vs CondB,,0.00100000,0.00100000,,,,1,1,1,12,1.2,999,12,0,12,0.7663,0.9915
0,0.75,free,16,RSC,overlap,max pairwise top-K overlap,CondA vs CondB,,0.00100000,0.00100000,,,,1,1,1,12,1.2,999,12,0,12,0.7473,0.9901
0,0.75,free,17,RSC,overlap,max pairwise top-K overlap,CondA vs CondB,,0.00100000,0.00100000,,,,1,1,1,12,1.2,999,12,0,12,0.7377,0.9911
0,0.75,free,18,RSC,overlap,max pairwise top-K overlap,CondA vs CondB,,0.00100000,0.00100000,,,,1,1,1,12,1.2,999,12,0,12,0.7898,0.9896
0,0.75,free,19,RSC,overlap,max pairwise top-K overlap,CondA vs CondB,,0.00100000,0.00100000,,,,1,1,1,12,1.2,999,12,0,12,0.8328,0.9895
0.1,0.75,free,0,RSC,overlap,max pairwise top-K overlap,CondA vs CondB,,0.00100000,0.00100000,,,,1,1,1,11,1.2,999,11,2,12,0.6981,0.9865
0.1,0.75,free,1,RSC,overlap,max pairwise top-K overlap,CondA vs CondB,,0.00100000,0.00100000,,,,1,1,1,12,1.2,999,12,0,12,0.7412,0.9817
0.1,0.75,free,2,RSC,overlap,max pairwise top-K overlap,CondA vs CondB,,0.00100000,0.00100000,,,,1,1,1,11,1.2,999,11,2,12,0.7601,0.9767
0.1,0.75,free,3,RSC,overlap,max pairwise top-K overlap,CondA vs CondB,,0.00100000,0.00100000,,,,1,1,1,11,1.2,999,11,2,12,0.7763,0.9877
0.1,0.75,free,4,RSC,overlap,max pairwise top-K overlap,CondA vs CondB,,0.00100000,0.00100000,,,,1,1,1,12,1.2,999,12,0,12,0.7990,0.9863
0.1,0.75,free,5,RSC,overlap,max pairwise top-K overlap,CondA vs CondB,,0.00100000,0.00100000,,,,1,1,1,12,1.2,999,12,0,12,0.8128,0.9873
0.1,0.75,free,6,RSC,overlap,max pairwise top-K overlap,CondA vs CondB,,0.00100000,0.00100000,,,,1,1,1,12,1.2,999,12,0,12,0.7613,0.9834
0.1,0.75,free,7,RSC,overlap,max pairwise top-K overlap,CondA vs CondB,,0.00100000,0.00100000,,,,1,1,1,11,1.2,999,11,2,12,0.7359,0.9865
0.1,0.75,free,8,RSC,overlap,max pairwise top-K overlap,CondA vs CondB,,0.00100000,0.00100000,,,,1,1,1,11,1.2,999,11,2,12,0.8721,0.9841
0.1,0.75,free,9,RSC,overlap,max pairwise top-K overlap,CondA vs CondB,,0.00100000,0.00100000,,,,1,1,1,12,1.2,999,12,0,12,0.8457,0.9878
0.1,0.75,free,10,RSC,overlap,max pairwise top-K overlap,CondA vs CondB,,0.00100000,0.00100000,,,,1,1,1,11,1.2,999,11,2,12,0.6756,0.9816
0.1,0.75,free,11,RSC,overlap,max pairwise top-K overlap,CondA vs CondB,,0.00100000,0.00100000,,,,1,1,1,12,1.2,999,12,0,12,0.7545,0.9779
0.1,0.75,free,12,RSC,overlap,max pairwise top-K overlap,CondA vs CondB,,0.00100000,0.00100000,,,,1,1,1,12,1.2,999,12,0,12,0.8178,0.9876
0.1,0.75,free,13,RSC,overlap,max pairwise top-K overlap,CondA vs CondB,,0.00100000,0.00100000,,,,1,1,1,12,1.2,999,12,0,12,0.7460,0.9876
0.1,0.75,free,14,RSC,overlap,max pairwise top-K overlap,CondA vs CondB,,0.00100000,0.00100000,,,,1,1,1,11,1.2,999,11,2,12,0.7762,0.9867
0.1,0.75,free,15,RSC,overlap,max pairwise top-K overlap,CondA vs CondB,,0.00100000,0.00100000,,,,1,1,1,11,1.2,999,11,2,12,0.7621,0.9878
0.1,0.75,free,16,RSC,overlap,max pairwise top-K overlap,CondA vs CondB,,0.00100000,0.00100000,,,,1,1,1,11,1.2,999,11,2,12,0.7538,0.9844
0.1,0.75,free,17,RSC,overlap,max pairwise top-K overlap,CondA vs CondB,,0.00100000,0.00100000,,,,1,1,1,12,1.2,999,12,0,12,0.7335,0.9840
0.1,0.75,free,18,RSC,overlap,max pairwise top-K overlap,CondA vs CondB,,0.00100000,0.00100000,,,,1,1,1,12,1.2,999,12,0,12,0.7880,0.9858
0.1,0.75,free,19,RSC,overlap,max pairwise top-K overlap,CondA vs CondB,,0.00100000,0.00100000,,,,1,1,1,11,1.2,999,11,2,12,0.8327,0.9822
0.2,0.75,free,0,RSC,overlap,max pairwise top-K overlap,CondA vs CondB,,0.00100000,0.00100000,,,,1,1,1,11,1.2,999,11,2,12,0.6972,0.9760
0.2,0.75,free,1,RSC,overlap,max pairwise top-K overlap,CondA vs CondB,,0.00100000,0.00100000,,,,1,1,1,12,1.2,999,12,0,12,0.7425,0.9595
0.2,0.75,free,2,RSC,overlap,max pairwise top-K overlap,CondA vs CondB,,0.00100000,0.00100000,,,,1,1,1,10,1.2,999,10,4,12,0.7572,0.9531
0.2,0.75,free,3,RSC,overlap,max pairwise top-K overlap,CondA vs CondB,,0.00100000,0.00100000,,,,1,1,1,11,1.2,999,11,2,12,0.7714,0.9766
0.2,0.75,free,4,RSC,overlap,max pairwise top-K overlap,CondA vs CondB,,0.00100000,0.00100000,,,,1,1,1,11,1.2,999,11,2,12,0.7991,0.9708
0.2,0.75,free,5,RSC,overlap,max pairwise top-K overlap,CondA vs CondB,,0.00100000,0.00100000,,,,1,1,1,12,1.2,999,12,0,12,0.8095,0.9729
0.2,0.75,free,6,RSC,overlap,max pairwise top-K overlap,CondA vs CondB,,0.00100000,0.00100000,,,,1,1,1,11,1.2,999,11,2,12,0.7577,0.9667
0.2,0.75,free,7,RSC,overlap,max pairwise top-K overlap,CondA vs CondB,,0.00100000,0.00100000,,,,1,1,1,11,1.2,999,11,2,12,0.7336,0.9732
0.2,0.75,free,8,RSC,overlap,max pairwise top-K overlap,CondA vs CondB,,0.00100000,0.00100000,,,,1,1,1,11,1.2,999,11,2,12,0.8696,0.9684
0.2,0.75,free,9,RSC,overlap,max pairwise top-K overlap,CondA vs CondB,,0.00100000,0.00100000,,,,1,1,1,12,1.2,999,12,0,12,0.8440,0.9761
0.2,0.75,free,10,RSC,overlap,max pairwise top-K overlap,CondA vs CondB,,0.00100000,0.00100000,,,,1,1,1,10,1.2,999,10,4,12,0.6748,0.9620
0.2,0.75,free,11,RSC,overlap,max pairwise top-K overlap,CondA vs CondB,,0.00100000,0.00100000,,,,1,1,1,11,1.2,999,11,2,12,0.7537,0.9506
0.2,0.75,free,12,RSC,overlap,max pairwise top-K overlap,CondA vs CondB,,0.00100000,0.00100000,,,,1,1,1,12,1.2,999,12,0,12,0.8100,0.9753
0.2,0.75,free,13,RSC,overlap,max pairwise top-K overlap,CondA vs CondB,,0.00100000,0.00100000,,,,1,1,1,12,1.2,999,12,0,12,0.7404,0.9748
0.2,0.75,free,14,RSC,overlap,max pairwise top-K overlap,CondA vs CondB,,0.00100000,0.00100000,,,,1,1,1,11,1.2,999,11,2,12,0.7734,0.9745
0.2,0.75,free,15,RSC,overlap,max pairwise top-K overlap,CondA vs CondB,,0.00100000,0.00100000,,,,1,1,1,11,1.2,999,11,2,12,0.7562,0.9749
0.2,0.75,free,16,RSC,overlap,max pairwise top-K overlap,CondA vs CondB,,0.00100000,0.00100000,,,,1,1,1,11,1.2,999,11,2,12,0.7586,0.9690
0.2,0.75,free,17,RSC,overlap,max pairwise top-K overlap,CondA vs CondB,,0.00100000,0.00100000,,,,1,1,1,12,1.2,999,12,0,12,0.7288,0.9637
0.2,0.75,free,18,RSC,overlap,max pairwise top-K overlap,CondA vs CondB,,0.00100000,0.00100000,,,,1,1,1,12,1.2,999,12,0,12,0.7841,0.9720
0.2,0.75,free,19,RSC,overlap,max pairwise top-K overlap,CondA vs CondB,,0.00100000,0.00100000,,,,1,1,1,10,1.2,999,10,4,12,0.8323,0.9640
0.3,0.75,free,0,RSC,overlap,max pairwise top-K overlap,CondA vs CondB,,0.00100000,0.00100000,,,,1,1,1,9,1.2,999,9,6,12,0.6960,0.9575
0.3,0.75,free,1,RSC,overlap,max pairwise top-K overlap,CondA vs CondB,,0.00100000,0.00100000,,,,1,1,1,10,1.2,999,10,4,12,0.7439,0.9249
0.3,0.75,free,2,RSC,overlap,max pairwise top-K overlap,CondA vs CondB,,0.00100000,0.00100000,,,,1,1,1,9,1.2,999,9,6,12,0.7538,0.9155
0.3,0.75,free,3,RSC,overlap,max pairwise top-K overlap,CondA vs CondB,,0.00100000,0.00100000,,,,1,1,1,10,1.2,999,10,4,12,0.7654,0.9570
0.3,0.75,free,4,RSC,overlap,max pairwise top-K overlap,CondA vs CondB,,0.00100000,0.00100000,,,,1,1,1,11,1.2,999,11,2,12,0.7976,0.9451
0.3,0.75,free,5,RSC,overlap,max pairwise top-K overlap,CondA vs CondB,,0.00100000,0.00100000,,,,1,1,1,11,1.2,999,11,2,12,0.8059,0.9477
0.3,0.75,free,6,RSC,overlap,max pairwise top-K overlap,CondA vs CondB,,0.00100000,0.00100000,,,,1,1,1,11,1.2,999,11,2,12,0.7536,0.9378
0.3,0.75,free,7,RSC,overlap,max pairwise top-K overlap,CondA vs CondB,,0.00100000,0.00100000,,,,1,1,1,11,1.2,999,11,2,12,0.7308,0.9502
0.3,0.75,free,8,RSC,overlap,max pairwise top-K overlap,CondA vs CondB,,0.00100000,0.00100000,,,,1,1,1,10,1.2,999,10,4,12,0.8654,0.9422
0.3,0.75,free,9,RSC,overlap,max pairwise top-K overlap,CondA vs CondB,,0.00100000,0.00100000,,,,1,1,1,10,1.2,999,10,4,12,0.8417,0.9569
0.3,0.75,free,10,RSC,overlap,max pairwise top-K overlap,CondA vs CondB,,0.00100000,0.00100000,,,,1,1,1,10,1.2,999,10,4,12,0.6732,0.9309
0.3,0.75,free,11,RSC,overlap,max pairwise top-K overlap,CondA vs CondB,,0.00100000,0.00100000,,,,1,1,1,11,1.2,999,11,2,12,0.7525,0.9063
0.3,0.75,free,12,RSC,overlap,max pairwise top-K overlap,CondA vs CondB,,0.00100000,0.00100000,,,,1,1,1,12,1.2,999,12,0,12,0.8001,0.9537
0.3,0.75,free,13,RSC,overlap,max pairwise top-K overlap,CondA vs CondB,,0.00100000,0.00100000,,,,1,1,1,10,1.2,999,10,4,12,0.7337,0.9513
0.3,0.75,free,14,RSC,overlap,max pairwise top-K overlap,CondA vs CondB,,0.00100000,0.00100000,,,,1,1,1,11,1.2,999,11,2,12,0.7677,0.9534
0.3,0.75,free,15,RSC,overlap,max pairwise top-K overlap,CondA vs CondB,,0.00100000,0.00100000,,,,1,1,1,11,1.2,999,11,2,12,0.7507,0.9522
0.3,0.75,free,16,RSC,overlap,max pairwise top-K overlap,CondA vs CondB,,0.00100000,0.00100000,,,,1,1,1,11,1.2,999,11,2,12,0.7607,0.9440
0.3,0.75,free,17,RSC,overlap,max pairwise top-K overlap,CondA vs CondB,,0.00100000,0.00100000,,,,1,1,1,11,1.2,999,11,2,12,0.7235,0.9285
0.3,0.75,free,18,RSC,overlap,max pairwise top-K overlap,CondA vs CondB,,0.00100000,0.00100000,,,,1,1,1,12,1.2,999,12,0,12,0.7782,0.9473
0.3,0.75,free,19,RSC,overlap,max pairwise top-K overlap,CondA vs CondB,,0.00100000,0.00100000,,,,1,1,1,10,1.2,999,10,4,12,0.8318,0.9345
0.4,0.75,free,0,RSC,overlap,max pairwise top-K overlap,CondA vs CondB,,0.00100000,0.00100000,,,,1,1,1,9,1.2,999,9,6,12,0.6949,0.9300
0.4,0.75,free,1,RSC,overlap,max pairwise top-K overlap,CondA vs CondB,,0.00100000,0.00100000,,,,1,1,1,8,1.2,999,8,8,12,0.7451,0.8781
0.4,0.75,free,2,RSC,overlap,max pairwise top-K overlap,CondA vs CondB,,0.00100000,0.00100000,,,,1,1,1,8,1.2,999,8,8,12,0.7505,0.8646
0.4,0.75,free,3,RSC,overlap,max pairwise top-K overlap,CondA vs CondB,,0.00100000,0.00100000,,,,1,1,1,9,1.2,999,9,6,12,0.7584,0.9278
0.4,0.75,free,4,RSC,overlap,max pairwise top-K overlap,CondA vs CondB,,0.00100000,0.00100000,,,,1,1,1,11,1.2,999,11,2,12,0.7946,0.9089
0.4,0.75,free,5,RSC,overlap,max pairwise top-K overlap,CondA vs CondB,,0.00100000,0.00100000,,,,1,1,1,10,1.2,999,10,4,12,0.8026,0.9105
0.4,0.75,free,6,RSC,overlap,max pairwise top-K overlap,CondA vs CondB,,0.00100000,0.00100000,,,,1,1,1,10,1.2,999,10,4,12,0.7491,0.8961
0.4,0.75,free,7,RSC,overlap,max pairwise top-K overlap,CondA vs CondB,,0.00100000,0.00100000,,,,1,1,1,10,1.2,999,10,4,12,0.7276,0.9160
0.4,0.75,free,8,RSC,overlap,max pairwise top-K overlap,CondA vs CondB,,0.00100000,0.00100000,,,,1,1,1,10,1.2,999,10,4,12,0.8596,0.9043
0.4,0.75,free,9,RSC,overlap,max pairwise top-K overlap,CondA vs CondB,,0.00100000,0.00100000,,,,1,1,1,9,1.2,999,9,6,12,0.8392,0.9294
0.4,0.75,free,10,RSC,overlap,max pairwise top-K overlap,CondA vs CondB,,0.00100000,0.00100000,,,,1,1,1,10,1.2,999,10,4,12,0.6706,0.8880
0.4,0.75,free,11,RSC,overlap,max pairwise top-K overlap,CondA vs CondB,,0.00100000,0.00100000,,,,1,1,1,11,1.2,999,11,2,12,0.7513,0.8460
0.4,0.75,free,12,RSC,overlap,max pairwise top-K overlap,CondA vs CondB,,0.00100000,0.00100000,,,,1,1,1,11,1.2,999,11,2,12,0.7906,0.9223
0.4,0.75,free,13,RSC,overlap,max pairwise top-K overlap,CondA vs CondB,,0.00100000,0.00100000,,,,1,1,1,9,1.2,999,9,6,12,0.7258,0.9148
0.4,0.75,free,14,RSC,overlap,max pairwise top-K overlap,CondA vs CondB,,0.00100000,0.00100000,,,,1,1,1,10,1.2,999,10,4,12,0.7597,0.9217
0.4,0.75,free,15,RSC,overlap,max pairwise top-K overlap,CondA vs CondB,,0.00100000,0.00100000,,,,1,1,1,10,1.2,999,10,4,12,0.7460,0.9186
0.4,0.75,free,16,RSC,overlap,max pairwise top-K overlap,CondA vs CondB,,0.00100000,0.00100000,,,,1,1,1,11,1.2,999,11,2,12,0.7594,0.9090
0.4,0.75,free,17,RSC,overlap,max pairwise top-K overlap,CondA vs CondB,,0.00100000,0.00100000,,,,1,1,1,11,1.2,999,11,2,12,0.7174,0.8767
0.4,0.75,free,18,RSC,overlap,max pairwise top-K overlap,CondA vs CondB,,0.00100000,0.00100000,,,,1,1,1,11,1.2,999,11,2,12,0.7710,0.9103
0.4,0.75,free,19,RSC,overlap,max pairwise top-K overlap,CondA vs CondB,,0.00100000,0.00100000,,,,1,1,1,10,1.2,999,10,4,12,0.8313,0.8928
0.5,0.75,free,0,RSC,overlap,max pairwise top-K overlap,CondA vs CondB,,0.00100000,0.00100000,,,,1,1,1,9,1.2,999,9,6,12,0.6941,0.8915
0.5,0.75,free,1,RSC,overlap,max pairwise top-K overlap,CondA vs CondB,,0.00100000,0.00100000,,,,1,1,1,8,1.2,999,8,8,12,0.7464,0.8188
0.5,0.75,free,2,RSC,overlap,max pairwise top-K overlap,CondA vs CondB,,0.00100000,0.00100000,,,,1,1,1,7,1.2,999,7,10,12,0.7476,0.8008
0.5,0.75,free,3,RSC,overlap,max pairwise top-K overlap,CondA vs CondB,,0.00200000,0.00200000,,,,1,1,1,8,1.2,999,8,8,12,0.7504,0.8872
0.5,0.75,free,4,RSC,overlap,max pairwise top-K overlap,CondA vs CondB,,0.00100000,0.00100000,,,,1,1,1,10,1.2,999,10,4,12,0.7902,0.8615
0.5,0.75,free,5,RSC,overlap,max pairwise top-K overlap,CondA vs CondB,,0.00100000,0.00100000,,,,1,1,1,10,1.2,999,10,4,12,0.7999,0.8596
0.5,0.75,free,6,RSC,overlap,max pairwise top-K overlap,CondA vs CondB,,0.00100000,0.00100000,,,,1,1,1,9,1.2,999,9,6,12,0.7445,0.8407
0.5,0.75,free,7,RSC,overlap,max pairwise top-K overlap,CondA vs CondB,,0.00100000,0.00100000,,,,1,1,1,9,1.2,999,9,6,12,0.7244,0.8686
0.5,0.75,free,8,RSC,overlap,max pairwise top-K overlap,CondA vs CondB,,0.00100000,0.00100000,,,,1,1,1,10,1.2,999,10,4,12,0.8526,0.8532
0.5,0.75,free,9,RSC,overlap,max pairwise top-K overlap,CondA vs CondB,,0.00100000,0.00100000,,,,1,1,1,8,1.2,999,8,8,12,0.8366,0.8921
0.5,0.75,free,10,RSC,overlap,max pairwise top-K overlap,CondA vs CondB,,0.00100000,0.00100000,,,,1,1,1,9,1.2,999,9,6,12,0.6669,0.8329
0.5,0.75,free,11,RSC,overlap,max pairwise top-K overlap,CondA vs CondB,,0.00100000,0.00100000,,,,1,1,1,10,1.2,999,10,4,12,0.7506,0.7707
0.5,0.75,free,12,RSC,overlap,max pairwise top-K overlap,CondA vs CondB,,0.00100000,0.00100000,,,,1,1,1,11,1.2,999,11,2,12,0.7817,0.8799
0.5,0.75,free,13,RSC,overlap,max pairwise top-K overlap,CondA vs CondB,,0.00100000,0.00100000,,,,1,1,1,7,1.2,999,7,10,12,0.7165,0.8623
0.5,0.75,free,14,RSC,overlap,max pairwise top-K overlap,CondA vs CondB,,0.00100000,0.00100000,,,,1,1,1,9,1.2,999,9,6,12,0.7496,0.8771
0.5,0.75,free,15,RSC,overlap,max pairwise top-K overlap,CondA vs CondB,,0.00100000,0.00100000,,,,1,1,1,9,1.2,999,9,6,12,0.7414,0.8724
0.5,0.75,free,16,RSC,overlap,max pairwise top-K overlap,CondA vs CondB,,0.00100000,0.00100000,,,,1,1,1,11,1.2,999,11,2,12,0.7548,0.8629
0.5,0.75,free,17,RSC,overlap,max pairwise top-K overlap,CondA vs CondB,,0.00100000,0.00100000,,,,1,1,1,10,1.2,999,10,4,12,0.7107,0.8063
0.5,0.75,free,18,RSC,overlap,max pairwise top-K overlap,CondA vs CondB,,0.00100000,0.00100000,,,,1,1,1,10,1.2,999,10,4,12,0.7630,0.8587
0.5,0.75,free,19,RSC,overlap,max pairwise top-K overlap,CondA vs CondB,,0.00100000,0.00100000,,,,1,1,1,10,1.2,999,10,4,12,0.8308,0.8377
0.65,0.75,free,0,RSC,overlap,max pairwise top-K overlap,CondA vs CondB,,0.00100000,0.00100000,,,,1,1,1,9,1.2,999,9,6,12,0.6931,0.8057
0.65,0.75,free,1,RSC,overlap,max pairwise top-K overlap,CondA vs CondB,,0.00100000,0.00100000,,,,1,1,1,8,1.2,999,8,8,12,0.7488,0.7046
0.65,0.75,free,2,RSC,overlap,max pairwise top-K overlap,CondA vs CondB,,0.00100000,0.00100000,,,,1,1,1,6,1.2,999,6,12,12,0.7446,0.6802
0.65,0.75,free,3,RSC,overlap,max pairwise top-K overlap,CondA vs CondB,,0.00100000,0.00100000,,,,1,1,1,7,1.2,999,7,10,12,0.7363,0.7977
0.65,0.75,free,4,RSC,overlap,max pairwise top-K overlap,CondA vs CondB,,0.00100000,0.00100000,,,,1,1,1,10,1.2,999,10,4,12,0.7811,0.7656
0.65,0.75,free,5,RSC,overlap,max pairwise top-K overlap,CondA vs CondB,,0.00100000,0.00100000,,,,1,1,1,9,1.2,999,9,6,12,0.7983,0.7513
0.65,0.75,free,6,RSC,overlap,max pairwise top-K overlap,CondA vs CondB,,0.00100000,0.00100000,,,,1,1,1,9,1.2,999,9,6,12,0.7376,0.7277
0.65,0.75,free,7,RSC,overlap,max pairwise top-K overlap,CondA vs CondB,,0.00100000,0.00100000,,,,1,1,1,9,1.2,999,9,6,12,0.7197,0.7643
0.65,0.75,free,8,RSC,overlap,max pairwise top-K overlap,CondA vs CondB,,0.00100000,0.00100000,,,,1,1,1,10,1.2,999,10,4,12,0.8400,0.7453
0.65,0.75,free,9,RSC,overlap,max pairwise top-K overlap,CondA vs CondB,,0.00100000,0.00100000,,,,1,1,1,8,1.2,999,8,8,12,0.8327,0.8120
0.65,0.75,free,10,RSC,overlap,max pairwise top-K overlap,CondA vs CondB,,0.00100000,0.00100000,,,,1,1,1,8,1.2,999,8,8,12,0.6600,0.7241
0.65,0.75,free,11,RSC,overlap,max pairwise top-K overlap,CondA vs CondB,,0.00100000,0.00100000,,,,1,1,1,8,1.2,999,8,8,12,0.7499,0.6306
0.65,0.75,free,12,RSC,overlap,max pairwise top-K overlap,CondA vs CondB,,0.00100000,0.00100000,,,,1,1,1,10,1.2,999,10,4,12,0.7710,0.7900
0.65,0.75,free,13,RSC,overlap,max pairwise top-K overlap,CondA vs CondB,,0.00300000,0.00300000,,,,1,1,1,6,1.2,999,6,12,12,0.7002,0.7429
0.65,0.75,free,14,RSC,overlap,max pairwise top-K overlap,CondA vs CondB,,0.00100000,0.00100000,,,,1,1,1,7,1.2,999,7,10,12,0.7313,0.7773
0.65,0.75,free,15,RSC,overlap,max pairwise top-K overlap,CondA vs CondB,,0.00100000,0.00100000,,,,1,1,1,8,1.2,999,8,8,12,0.7338,0.7730
0.65,0.75,free,16,RSC,overlap,max pairwise top-K overlap,CondA vs CondB,,0.00100000,0.00100000,,,,1,1,1,9,1.2,999,9,6,12,0.7435,0.7682
0.65,0.75,free,17,RSC,overlap,max pairwise top-K overlap,CondA vs CondB,,0.00100000,0.00100000,,,,1,1,1,8,1.2,999,8,8,12,0.6994,0.6606
0.65,0.75,free,18,RSC,overlap,max pairwise top-K overlap,CondA vs CondB,,0.00100000,0.00100000,,,,1,1,1,9,1.2,999,9,6,12,0.7509,0.7466
0.65,0.75,free,19,RSC,overlap,max pairwise top-K overlap,CondA vs CondB,,0.00100000,0.00100000,,,,1,1,1,10,1.2,999,10,4,12,0.8300,0.7252
0.8,0.75,free,0,RSC,overlap,max pairwise top-K overlap,CondA vs CondB,,0.00100000,0.00100000,,,,1,1,1,8,1.2,999,8,8,12,0.6910,0.6635
0.8,0.75,free,1,RSC,overlap,max pairwise top-K overlap,CondA vs CondB,,0.00100000,0.00100000,,,,1,1,1,7,1.2,999,7,10,12,0.7525,0.5496
0.8,0.75,free,2,RSC,overlap,max pairwise top-K overlap,CondA vs CondB,,0.00500000,0.00500000,,,,1,1,1,5,1.2,999,5,14,12,0.7424,0.5220
0.8,0.75,free,3,RSC,overlap,max pairwise top-K overlap,CondA vs CondB,,0.00100000,0.00100000,,,,1,1,1,6,1.2,999,6,12,12,0.7196,0.6520
0.8,0.75,free,4,RSC,overlap,max pairwise top-K overlap,CondA vs CondB,,0.00100000,0.00100000,,,,1,1,1,10,1.2,999,10,4,12,0.7694,0.6263
0.8,0.75,free,5,RSC,overlap,max pairwise top-K overlap,CondA vs CondB,,0.00100000,0.00100000,,,,1,1,1,9,1.2,999,9,6,12,0.7987,0.5864
0.8,0.75,free,6,RSC,overlap,max pairwise top-K overlap,CondA vs CondB,,0.00100000,0.00100000,,,,1,1,1,6,1.2,999,6,12,12,0.7310,0.5648
0.8,0.75,free,7,RSC,overlap,max pairwise top-K overlap,CondA vs CondB,,0.00100000,0.00100000,,,,1,1,1,8,1.2,999,8,8,12,0.7154,0.5982
0.8,0.75,free,8,RSC,overlap,max pairwise top-K overlap,CondA vs CondB,,0.00100000,0.00100000,,,,1,1,1,9,1.2,999,9,6,12,0.8259,0.5817
0.8,0.75,free,9,RSC,overlap,max pairwise top-K overlap,CondA vs CondB,,0.00100000,0.00100000,,,,1,1,1,8,1.2,999,8,8,12,0.8285,0.6840
0.8,0.75,free,10,RSC,overlap,max pairwise top-K overlap,CondA vs CondB,,0.00100000,0.00100000,,,,1,1,1,7,1.2,999,7,10,12,0.6530,0.5716
0.8,0.75,free,11,RSC,overlap,max pairwise top-K overlap,CondA vs CondB,,0.00100000,0.00100000,,,,1,1,1,7,1.2,999,7,10,12,0.7492,0.4525
0.8,0.75,free,12,RSC,overlap,max pairwise top-K overlap,CondA vs CondB,,0.00100000,0.00100000,,,,1,1,1,10,1.2,999,10,4,12,0.7639,0.6513
0.8,0.75,free,13,RSC,overlap,max pairwise top-K overlap,CondA vs CondB,,0.00100000,0.00100000,,,,1,1,1,6,1.2,999,6,12,12,0.6823,0.5488
0.8,0.75,free,14,RSC,overlap,max pairwise top-K overlap,CondA vs CondB,,0.00100000,0.00100000,,,,1,1,1,6,1.2,999,6,12,12,0.7104,0.6138
0.8,0.75,free,15,RSC,overlap,max pairwise top-K overlap,CondA vs CondB,,0.00100000,0.00100000,,,,1,1,1,6,1.2,999,6,12,12,0.7237,0.6181
0.8,0.75,free,16,RSC,overlap,max pairwise top-K overlap,CondA vs CondB,,0.00100000,0.00100000,,,,1,1,1,9,1.2,999,9,6,12,0.7289,0.6269
0.8,0.75,free,17,RSC,overlap,max pairwise top-K overlap,CondA vs CondB,,0.00100000,0.00100000,,,,1,1,1,9,1.2,999,9,6,12,0.6881,0.4543
0.8,0.75,free,18,RSC,overlap,max pairwise top-K overlap,CondA vs CondB,,0.00100000,0.00100000,,,,1,1,1,9,1.2,999,9,6,12,0.7396,0.5720
0.8,0.75,free,19,RSC,overlap,max pairwise top-K overlap,CondA vs CondB,,0.00100000,0.00100000,,,,1,1,1,9,1.2,999,9,6,12,0.8283,0.5614
0.9,0.75,free,0,RSC,overlap,max pairwise top-K overlap,CondA vs CondB,,0.00100000,0.00100000,,,,1,1,1,7,1.2,999,7,10,12,0.6876,0.5027
0.9,0.75,free,1,RSC,overlap,max pairwise top-K overlap,CondA vs CondB,,0.00300000,0.00300000,,,,1,1,1,5,1.2,999,5,14,12,0.7557,0.4038
0.9,0.75,free,2,RSC,overlap,max pairwise top-K overlap,CondA vs CondB,,0.00100000,0.00100000,,,,1,1,1,6,1.2,999,6,12,12,0.7403,0.3779
0.9,0.75,free,3,RSC,overlap,max pairwise top-K overlap,CondA vs CondB,,0.00200000,0.00200000,,,,1,1,1,6,1.2,999,6,12,12,0.7074,0.4900
0.9,0.75,free,4,RSC,overlap,max pairwise top-K overlap,CondA vs CondB,,0.00100000,0.00100000,,,,1,1,1,10,1.2,999,10,4,12,0.7606,0.4855
0.9,0.75,free,5,RSC,overlap,max pairwise top-K overlap,CondA vs CondB,,0.00100000,0.00100000,,,,1,1,1,9,1.2,999,9,6,12,0.7997,0.4169
0.9,0.75,free,6,RSC,overlap,max pairwise top-K overlap,CondA vs CondB,,0.00100000,0.00100000,,,,1,1,1,7,1.2,999,7,10,12,0.7267,0.4047
0.9,0.75,free,7,RSC,overlap,max pairwise top-K overlap,CondA vs CondB,,0.00100000,0.00100000,,,,1,1,1,6,1.2,999,6,12,12,0.7122,0.4200
0.9,0.75,free,8,RSC,overlap,max pairwise top-K overlap,CondA vs CondB,,0.00100000,0.00100000,,,,1,1,1,7,1.2,999,7,10,12,0.8163,0.4134
0.9,0.75,free,9,RSC,overlap,max pairwise top-K overlap,CondA vs CondB,,0.00100000,0.00100000,,,,1,1,1,7,1.2,999,7,10,12,0.8256,0.5411
0.9,0.75,free,10,RSC,overlap,max pairwise top-K overlap,CondA vs CondB,,0.00100000,0.00100000,,,,1,1,1,8,1.2,999,8,8,12,0.6490,0.4238
0.9,0.75,free,11,RSC,overlap,max pairwise top-K overlap,CondA vs CondB,,0.00100000,0.00100000,,,,1,1,1,7,1.2,999,7,10,12,0.7478,0.2965
0.9,0.75,free,12,RSC,overlap,max pairwise top-K overlap,CondA vs CondB,,0.00100000,0.00100000,,,,1,1,1,8,1.2,999,8,8,12,0.7618,0.5035
0.9,0.75,free,13,RSC,overlap,max pairwise top-K overlap,CondA vs CondB,,0.00100000,0.00100000,,,,1,1,1,6,1.2,999,6,12,12,0.6704,0.3434
0.9,0.75,free,14,RSC,overlap,max pairwise top-K overlap,CondA vs CondB,,0.00100000,0.00100000,,,,1,1,1,6,1.2,999,6,12,12,0.6957,0.4336
0.9,0.75,free,15,RSC,overlap,max pairwise top-K overlap,CondA vs CondB,,0.00100000,0.00100000,,,,1,1,1,6,1.2,999,6,12,12,0.7146,0.4541
0.9,0.75,free,16,RSC,overlap,max pairwise top-K overlap,CondA vs CondB,,0.00100000,0.00100000,,,,1,1,1,9,1.2,999,9,6,12,0.7171,0.4806
0.9,0.75,free,17,RSC,overlap,max pairwise top-K overlap,CondA vs CondB,,0.00100000,0.00100000,,,,1,1,1,8,1.2,999,8,8,12,0.6820,0.2628
0.9,0.75,free,18,RSC,overlap,max pairwise top-K overlap,CondA vs CondB,,0.00100000,0.00100000,,,,1,1,1,9,1.2,999,9,6,12,0.7325,0.3909
0.9,0.75,free,19,RSC,overlap,max pairwise top-K overlap,CondA vs CondB,,0.00100000,0.00100000,,,,1,1,1,9,1.2,999,9,6,12,0.8262,0.3989
1,0.75,free,0,RSC,overlap,max pairwise top-K overlap,CondA vs CondB,,0.00100000,0.00100000,,,,1,1,1,6,1.2,999,6,12,12,0.6784,0.02165
1,0.75,free,1,RSC,overlap,max pairwise top-K overlap,CondA vs CondB,,0.00100000,0.00100000,,,,1,1,1,6,1.2,999,6,12,12,0.7603,0.04283
1,0.75,free,2,RSC,overlap,max pairwise top-K overlap,CondA vs CondB,,0.00600000,0.00600000,,,,1,1,1,5,1.2,999,5,14,12,0.7339,0.03305
1,0.75,free,3,RSC,overlap,max pairwise top-K overlap,CondA vs CondB,,0.00100000,0.00100000,,,,1,1,1,8,1.2,999,8,8,12,0.6966,0.01434
1,0.75,free,4,RSC,overlap,max pairwise top-K overlap,CondA vs CondB,,0.00100000,0.00100000,,,,1,1,1,9,1.2,999,9,6,12,0.7521,0.1009
1,0.75,free,5,RSC,overlap,max pairwise top-K overlap,CondA vs CondB,,0.00100000,0.00100000,,,,1,1,1,8,1.2,999,8,8,12,0.8014,-0.02687
1,0.75,free,6,RSC,overlap,max pairwise top-K overlap,CondA vs CondB,,0.00100000,0.00100000,,,,1,1,1,6,1.2,999,6,12,12,0.7244,-0.002923
1,0.75,free,7,RSC,overlap,max pairwise top-K overlap,CondA vs CondB,,0.00100000,0.00100000,,,,1,1,1,6,1.2,999,6,12,12,0.7044,-0.06134
1,0.75,free,8,RSC,overlap,max pairwise top-K overlap,CondA vs CondB,,0.00100000,0.00100000,,,,1,1,1,8,1.2,999,8,8,12,0.8074,-0.02937
1,0.75,free,9,RSC,overlap,max pairwise top-K overlap,CondA vs CondB,,0.00100000,0.00100000,,,,1,1,1,8,1.2,999,8,8,12,0.8225,0.09797
1,0.75,free,10,RSC,overlap,max pairwise top-K overlap,CondA vs CondB,,0.00100000,0.00100000,,,,1,1,1,8,1.2,999,8,8,12,0.6455,0.04581
1,0.75,free,11,RSC,overlap,max pairwise top-K overlap,CondA vs CondB,,0.00100000,0.00100000,,,,1,1,1,7,1.2,999,7,10,12,0.7417,-0.05474
1,0.75,free,12,RSC,overlap,max pairwise top-K overlap,CondA vs CondB,,0.00100000,0.00100000,,,,1,1,1,8,1.2,999,8,8,12,0.7685,0.07695
1,0.75,free,13,RSC,overlap,max pairwise top-K overlap,CondA vs CondB,,0.00200000,0.00200000,,,,1,1,1,5,1.2,999,5,14,12,0.6650,-0.1669
1,0.75,free,14,RSC,overlap,max pairwise top-K overlap,CondA vs CondB,,0.00100000,0.00100000,,,,1,1,1,6,1.2,999,6,12,12,0.6813,-0.06469
1,0.75,free,15,RSC,overlap,max pairwise top-K overlap,CondA vs CondB,,0.00100000,0.00100000,,,,1,1,1,6,1.2,999,6,12,12,0.6977,0.003202
1,0.75,free,16,RSC,overlap,max pairwise top-K overlap,CondA vs CondB,,0.00100000,0.00100000,,,,1,1,1,6,1.2,999,6,12,12,0.6956,0.07181
1,0.75,free,17,RSC,overlap,max pairwise top-K overlap,CondA vs CondB,,0.00100000,0.00100000,,,,1,1,1,7,1.2,999,7,10,12,0.6850,-0.1619
1,0.75,free,18,RSC,overlap,max pairwise top-K overlap,CondA vs CondB,,0.00100000,0.00100000,,,,1,1,1,9,1.2,999,9,6,12,0.7263,-0.07566
1,0.75,free,19,RSC,overlap,max pairwise top-K overlap,CondA vs CondB,,0.00100000,0.00100000,,,,1,1,1,8,1.2,999,8,8,12,0.8195,-0.01512
1,0.75,paired,0,RSC,overlap,max pairwise top-K overlap,CondA vs CondB,,0.718000,0.718000,,,,1,1,1,6,1.2,999,6,12,12,0.6784,0.02165
1,0.75,paired,1,RSC,overlap,max pairwise top-K overlap,CondA vs CondB,,0.991000,0.991000,,,,1,1,1,6,1.2,999,6,12,12,0.7603,0.04283
1,0.75,paired,2,RSC,overlap,max pairwise top-K overlap,CondA vs CondB,,0.994000,0.994000,,,,1,1,1,5,1.2,999,5,14,12,0.7339,0.03305
1,0.75,paired,3,RSC,overlap,max pairwise top-K overlap,CondA vs CondB,,0.737000,0.737000,,,,1,1,1,8,1.2,999,8,8,12,0.6966,0.01434
1,0.75,paired,4,RSC,overlap,max pairwise top-K overlap,CondA vs CondB,,0.889000,0.889000,,,,1,1,1,9,1.2,999,9,6,12,0.7521,0.1009
1,0.75,paired,5,RSC,overlap,max pairwise top-K overlap,CondA vs CondB,,0.946000,0.946000,,,,1,1,1,8,1.2,999,8,8,12,0.8014,-0.02687
1,0.75,paired,6,RSC,overlap,max pairwise top-K overlap,CondA vs CondB,,0.915000,0.915000,,,,1,1,1,6,1.2,999,6,12,12,0.7244,-0.002923
1,0.75,paired,7,RSC,overlap,max pairwise top-K overlap,CondA vs CondB,,0.402000,0.402000,,,,1,1,1,6,1.2,999,6,12,12,0.7044,-0.06134
1,0.75,paired,8,RSC,overlap,max pairwise top-K overlap,CondA vs CondB,,0.675000,0.675000,,,,1,1,1,8,1.2,999,8,8,12,0.8074,-0.02937
1,0.75,paired,9,RSC,overlap,max pairwise top-K overlap,CondA vs CondB,,1.00000,1.00000,,,,1,1,1,8,1.2,999,8,8,12,0.8225,0.09797
1,0.75,paired,10,RSC,overlap,max pairwise top-K overlap,CondA vs CondB,,0.836000,0.836000,,,,1,1,1,8,1.2,999,8,8,12,0.6455,0.04581
1,0.75,paired,11,RSC,overlap,max pairwise top-K overlap,CondA vs CondB,,0.269000,0.269000,,,,1,1,1,7,1.2,999,7,10,12,0.7417,-0.05474
1,0.75,paired,12,RSC,overlap,max pairwise top-K overlap,CondA vs CondB,,0.884000,0.884000,,,,1,1,1,8,1.2,999,8,8,12,0.7685,0.07695
1,0.75,paired,13,RSC,overlap,max pairwise top-K overlap,CondA vs CondB,,0.982000,0.982000,,,,1,1,1,5,1.2,999,5,14,12,0.6650,-0.1669
1,0.75,paired,14,RSC,overlap,max pairwise top-K overlap,CondA vs CondB,,0.803000,0.803000,,,,1,1,1,6,1.2,999,6,12,12,0.6813,-0.06469
1,0.75,paired,15,RSC,overlap,max pairwise top-K overlap,CondA vs CondB,,0.542000,0.542000,,,,1,1,1,6,1.2,999,6,12,12,0.6977,0.003202
1,0.75,paired,16,RSC,overlap,max pairwise top-K overlap,CondA vs CondB,,0.793000,0.793000,,,,1,1,1,6,1.2,999,6,12,12,0.6956,0.07181
1,0.75,paired,17,RSC,overlap,max pairwise top-K overlap,CondA vs CondB,,0.937000,0.937000,,,,1,1,1,7,1.2,999,7,10,12,0.6850,-0.1619
1,0.75,paired,18,RSC,overlap,max pairwise top-K overlap,CondA vs CondB,,1.00000,1.00000,,,,1,1,1,9,1.2,999,9,6,12,0.7263,-0.07566
1,0.75,paired,19,RSC,overlap,max pairwise top-K overlap,CondA vs CondB,,0.925000,0.925000,,,,1,1,1,8,1.2,999,8,8,12,0.8195,-0.01512
0,1,free,0,RSC,overlap,max pairwise top-K overlap,CondA vs CondB,,0.00100000,0.00100000,,,,1,1,1,12,1.2,999,12,0,12,0.9176,0.9897
0,1,free,1,RSC,overlap,max pairwise top-K overlap,CondA vs CondB,,0.00100000,0.00100000,,,,1,1,1,12,1.2,999,12,0,12,0.9757,0.9909
0,1,free,2,RSC,overlap,max pairwise top-K overlap,CondA vs CondB,,0.00100000,0.00100000,,,,1,1,1,12,1.2,999,12,0,12,1.002,0.9852
0,1,free,3,RSC,overlap,max pairwise top-K overlap,CondA vs CondB,,0.00100000,0.00100000,,,,1,1,1,12,1.2,999,12,0,12,1.005,0.9909
0,1,free,4,RSC,overlap,max pairwise top-K overlap,CondA vs CondB,,0.00100000,0.00100000,,,,1,1,1,12,1.2,999,12,0,12,1.044,0.9913
0,1,free,5,RSC,overlap,max pairwise top-K overlap,CondA vs CondB,,0.00100000,0.00100000,,,,1,1,1,12,1.2,999,12,0,12,1.066,0.9916
0,1,free,6,RSC,overlap,max pairwise top-K overlap,CondA vs CondB,,0.00100000,0.00100000,,,,1,1,1,12,1.2,999,12,0,12,0.9997,0.9880
0,1,free,7,RSC,overlap,max pairwise top-K overlap,CondA vs CondB,,0.00100000,0.00100000,,,,1,1,1,12,1.2,999,12,0,12,0.9676,0.9909
0,1,free,8,RSC,overlap,max pairwise top-K overlap,CondA vs CondB,,0.00100000,0.00100000,,,,1,1,1,12,1.2,999,12,0,12,1.126,0.9897
0,1,free,9,RSC,overlap,max pairwise top-K overlap,CondA vs CondB,,0.00100000,0.00100000,,,,1,1,1,12,1.2,999,12,0,12,1.110,0.9920
0,1,free,10,RSC,overlap,max pairwise top-K overlap,CondA vs CondB,,0.00100000,0.00100000,,,,1,1,1,12,1.2,999,12,0,12,0.8796,0.9892
0,1,free,11,RSC,overlap,max pairwise top-K overlap,CondA vs CondB,,0.00100000,0.00100000,,,,1,1,1,12,1.2,999,12,0,12,0.9816,0.9876
0,1,free,12,RSC,overlap,max pairwise top-K overlap,CondA vs CondB,,0.00100000,0.00100000,,,,1,1,1,12,1.2,999,12,0,12,1.070,0.9908
0,1,free,13,RSC,overlap,max pairwise top-K overlap,CondA vs CondB,,0.00100000,0.00100000,,,,1,1,1,12,1.2,999,12,0,12,0.9660,0.9910
0,1,free,14,RSC,overlap,max pairwise top-K overlap,CondA vs CondB,,0.00100000,0.00100000,,,,1,1,1,12,1.2,999,12,0,12,0.9837,0.9907
0,1,free,15,RSC,overlap,max pairwise top-K overlap,CondA vs CondB,,0.00100000,0.00100000,,,,1,1,1,12,1.2,999,12,0,12,0.9992,0.9916
0,1,free,16,RSC,overlap,max pairwise top-K overlap,CondA vs CondB,,0.00100000,0.00100000,,,,1,1,1,12,1.2,999,12,0,12,0.9733,0.9900
0,1,free,17,RSC,overlap,max pairwise top-K overlap,CondA vs CondB,,0.00100000,0.00100000,,,,1,1,1,12,1.2,999,12,0,12,0.9618,0.9910
0,1,free,18,RSC,overlap,max pairwise top-K overlap,CondA vs CondB,,0.00100000,0.00100000,,,,1,1,1,12,1.2,999,12,0,12,1.013,0.9897
0,1,free,19,RSC,overlap,max pairwise top-K overlap,CondA vs CondB,,0.00100000,0.00100000,,,,1,1,1,12,1.2,999,12,0,12,1.098,0.9894
0.1,1,free,0,RSC,overlap,max pairwise top-K overlap,CondA vs CondB,,0.00100000,0.00100000,,,,1,1,1,11,1.2,999,11,2,12,0.9185,0.9864
0.1,1,free,1,RSC,overlap,max pairwise top-K overlap,CondA vs CondB,,0.00100000,0.00100000,,,,1,1,1,11,1.2,999,11,2,12,0.9768,0.9813
0.1,1,free,2,RSC,overlap,max pairwise top-K overlap,CondA vs CondB,,0.00100000,0.00100000,,,,1,1,1,10,1.2,999,10,4,12,1.001,0.9765
0.1,1,free,3,RSC,overlap,max pairwise top-K overlap,CondA vs CondB,,0.00100000,0.00100000,,,,1,1,1,12,1.2,999,12,0,12,1.002,0.9876
0.1,1,free,4,RSC,overlap,max pairwise top-K overlap,CondA vs CondB,,0.00100000,0.00100000,,,,1,1,1,12,1.2,999,12,0,12,1.046,0.9863
0.1,1,free,5,RSC,overlap,max pairwise top-K overlap,CondA vs CondB,,0.00100000,0.00100000,,,,1,1,1,12,1.2,999,12,0,12,1.063,0.9875
0.1,1,free,6,RSC,overlap,max pairwise top-K overlap,CondA vs CondB,,0.00100000,0.00100000,,,,1,1,1,12,1.2,999,12,0,12,0.9971,0.9832
0.1,1,free,7,RSC,overlap,max pairwise top-K overlap,CondA vs CondB,,0.00100000,0.00100000,,,,1,1,1,11,1.2,999,11,2,12,0.9674,0.9864
0.1,1,free,8,RSC,overlap,max pairwise top-K overlap,CondA vs CondB,,0.00100000,0.00100000,,,,1,1,1,12,1.2,999,12,0,12,1.126,0.9841
0.1,1,free,9,RSC,overlap,max pairwise top-K overlap,CondA vs CondB,,0.00100000,0.00100000,,,,1,1,1,12,1.2,999,12,0,12,1.109,0.9878
0.1,1,free,10,RSC,overlap,max pairwise top-K overlap,CondA vs CondB,,0.00100000,0.00100000,,,,1,1,1,11,1.2,999,11,2,12,0.8800,0.9814
0.1,1,free,11,RSC,overlap,max pairwise top-K overlap,CondA vs CondB,,0.00100000,0.00100000,,,,1,1,1,11,1.2,999,11,2,12,0.9823,0.9779
0.1,1,free,12,RSC,overlap,max pairwise top-K overlap,CondA vs CondB,,0.00100000,0.00100000,,,,1,1,1,12,1.2,999,12,0,12,1.066,0.9875
0.1,1,free,13,RSC,overlap,max pairwise top-K overlap,CondA vs CondB,,0.00100000,0.00100000,,,,1,1,1,12,1.2,999,12,0,12,0.9623,0.9876
0.1,1,free,14,RSC,overlap,max pairwise top-K overlap,CondA vs CondB,,0.00100000,0.00100000,,,,1,1,1,11,1.2,999,11,2,12,0.9836,0.9866
0.1,1,free,15,RSC,overlap,max pairwise top-K overlap,CondA vs CondB,,0.00100000,0.00100000,,,,1,1,1,12,1.2,999,12,0,12,0.9968,0.9880
0.1,1,free,16,RSC,overlap,max pairwise top-K overlap,CondA vs CondB,,0.00100000,0.00100000,,,,1,1,1,12,1.2,999,12,0,12,0.9792,0.9842
0.1,1,free,17,RSC,overlap,max pairwise top-K overlap,CondA vs CondB,,0.00100000,0.00100000,,,,1,1,1,12,1.2,999,12,0,12,0.9576,0.9838
0.1,1,free,18,RSC,overlap,max pairwise top-K overlap,CondA vs CondB,,0.00100000,0.00100000,,,,1,1,1,12,1.2,999,12,0,12,1.012,0.9859
0.1,1,free,19,RSC,overlap,max pairwise top-K overlap,CondA vs CondB,,0.00100000,0.00100000,,,,1,1,1,11,1.2,999,11,2,12,1.098,0.9822
0.2,1,free,0,RSC,overlap,max pairwise top-K overlap,CondA vs CondB,,0.00100000,0.00100000,,,,1,1,1,11,1.2,999,11,2,12,0.9186,0.9758
0.2,1,free,1,RSC,overlap,max pairwise top-K overlap,CondA vs CondB,,0.00100000,0.00100000,,,,1,1,1,10,1.2,999,10,4,12,0.9788,0.9584
0.2,1,free,2,RSC,overlap,max pairwise top-K overlap,CondA vs CondB,,0.00100000,0.00100000,,,,1,1,1,10,1.2,999,10,4,12,0.9992,0.9529
0.2,1,free,3,RSC,overlap,max pairwise top-K overlap,CondA vs CondB,,0.00100000,0.00100000,,,,1,1,1,11,1.2,999,11,2,12,0.9976,0.9764
0.2,1,free,4,RSC,overlap,max pairwise top-K overlap,CondA vs CondB,,0.00100000,0.00100000,,,,1,1,1,12,1.2,999,12,0,12,1.046,0.9710
0.2,1,free,5,RSC,overlap,max pairwise top-K overlap,CondA vs CondB,,0.00100000,0.00100000,,,,1,1,1,11,1.2,999,11,2,12,1.061,0.9731
0.2,1,free,6,RSC,overlap,max pairwise top-K overlap,CondA vs CondB,,0.00100000,0.00100000,,,,1,1,1,11,1.2,999,11,2,12,0.9942,0.9664
0.2,1,free,7,RSC,overlap,max pairwise top-K overlap,CondA vs CondB,,0.00100000,0.00100000,,,,1,1,1,11,1.2,999,11,2,12,0.9660,0.9731
0.2,1,free,8,RSC,overlap,max pairwise top-K overlap,CondA vs CondB,,0.00100000,0.00100000,,,,1,1,1,12,1.2,999,12,0,12,1.124,0.9686
0.2,1,free,9,RSC,overlap,max pairwise top-K overlap,CondA vs CondB,,0.00100000,0.00100000,,,,1,1,1,11,1.2,999,11,2,12,1.107,0.9763
0.2,1,free,10,RSC,overlap,max pairwise top-K overlap,CondA vs CondB,,0.00100000,0.00100000,,,,1,1,1,11,1.2,999,11,2,12,0.8795,0.9617
0.2,1,free,11,RSC,overlap,max pairwise top-K overlap,CondA vs CondB,,0.00100000,0.00100000,,,,1,1,1,10,1.2,999,10,4,12,0.9824,0.9506
0.2,1,free,12,RSC,overlap,max pairwise top-K overlap,CondA vs CondB,,0.00100000,0.00100000,,,,1,1,1,12,1.2,999,12,0,12,1.059,0.9750
0.2,1,free,13,RSC,overlap,max pairwise top-K overlap,CondA vs CondB,,0.00100000,0.00100000,,,,1,1,1,12,1.2,999,12,0,12,0.9572,0.9750
0.2,1,free,14,RSC,overlap,max pairwise top-K overlap,CondA vs CondB,,0.00100000,0.00100000,,,,1,1,1,10,1.2,999,10,4,12,0.9806,0.9743
0.2,1,free,15,RSC,overlap,max pairwise top-K overlap,CondA vs CondB,,0.00100000,0.00100000,,,,1,1,1,12,1.2,999,12,0,12,0.9929,0.9752
0.2,1,free,16,RSC,overlap,max pairwise top-K overlap,CondA vs CondB,,0.00100000,0.00100000,,,,1,1,1,12,1.2,999,12,0,12,0.9837,0.9687
0.2,1,free,17,RSC,overlap,max pairwise top-K overlap,CondA vs CondB,,0.00100000,0.00100000,,,,1,1,1,12,1.2,999,12,0,12,0.9531,0.9634
0.2,1,free,18,RSC,overlap,max pairwise top-K overlap,CondA vs CondB,,0.00100000,0.00100000,,,,1,1,1,12,1.2,999,12,0,12,1.009,0.9722
0.2,1,free,19,RSC,overlap,max pairwise top-K overlap,CondA vs CondB,,0.00100000,0.00100000,,,,1,1,1,11,1.2,999,11,2,12,1.098,0.9641
0.3,1,free,0,RSC,overlap,max pairwise top-K overlap,CondA vs CondB,,0.00100000,0.00100000,,,,1,1,1,11,1.2,999,11,2,12,0.9188,0.9572
0.3,1,free,1,RSC,overlap,max pairwise top-K overlap,CondA vs CondB,,0.00100000,0.00100000,,,,1,1,1,9,1.2,999,9,6,12,0.9811,0.9226
0.3,1,free,2,RSC,overlap,max pairwise top-K overlap,CondA vs CondB,,0.00100000,0.00100000,,,,1,1,1,9,1.2,999,9,6,12,0.9971,0.9153
0.3,1,free,3,RSC,overlap,max pairwise top-K overlap,CondA vs CondB,,0.00100000,0.00100000,,,,1,1,1,11,1.2,999,11,2,12,0.9924,0.9567
0.3,1,free,4,RSC,overlap,max pairwise top-K overlap,CondA vs CondB,,0.00100000,0.00100000,,,,1,1,1,12,1.2,999,12,0,12,1.045,0.9454
0.3,1,free,5,RSC,overlap,max pairwise top-K overlap,CondA vs CondB,,0.00100000,0.00100000,,,,1,1,1,10,1.2,999,10,4,12,1.058,0.9478
0.3,1,free,6,RSC,overlap,max pairwise top-K overlap,CondA vs CondB,,0.00100000,0.00100000,,,,1,1,1,11,1.2,999,11,2,12,0.9909,0.9372
0.3,1,free,7,RSC,overlap,max pairwise top-K overlap,CondA vs CondB,,0.00100000,0.00100000,,,,1,1,1,11,1.2,999,11,2,12,0.9640,0.9499
0.3,1,free,8,RSC,overlap,max pairwise top-K overlap,CondA vs CondB,,0.00100000,0.00100000,,,,1,1,1,11,1.2,999,11,2,12,1.120,0.9426
0.3,1,free,9,RSC,overlap,max pairwise top-K overlap,CondA vs CondB,,0.00100000,0.00100000,,,,1,1,1,9,1.2,999,9,6,12,1.105,0.9571
0.3,1,free,10,RSC,overlap,max pairwise top-K overlap,CondA vs CondB,,0.00100000,0.00100000,,,,1,1,1,10,1.2,999,10,4,12,0.8784,0.9304
0.3,1,free,11,RSC,overlap,max pairwise top-K overlap,CondA vs CondB,,0.00100000,0.00100000,,,,1,1,1,10,1.2,999,10,4,12,0.9824,0.9063
0.3,1,free,12,RSC,overlap,max pairwise top-K overlap,CondA vs CondB,,0.00100000,0.00100000,,,,1,1,1,12,1.2,999,12,0,12,1.050,0.9531
0.3,1,free,13,RSC,overlap,max pairwise top-K overlap,CondA vs CondB,,0.00100000,0.00100000,,,,1,1,1,10,1.2,999,10,4,12,0.9510,0.9516
0.3,1,free,14,RSC,overlap,max pairwise top-K overlap,CondA vs CondB,,0.00100000,0.00100000,,,,1,1,1,10,1.2,999,10,4,12,0.9753,0.9530
0.3,1,free,15,RSC,overlap,max pairwise top-K overlap,CondA vs CondB,,0.00100000,0.00100000,,,,1,1,1,11,1.2,999,11,2,12,0.9893,0.9527
0.3,1,free,16,RSC,overlap,max pairwise top-K overlap,CondA vs CondB,,0.00100000,0.00100000,,,,1,1,1,12,1.2,999,12,0,12,0.9857,0.9436
0.3,1,free,17,RSC,overlap,max pairwise top-K overlap,CondA vs CondB,,0.00100000,0.00100000,,,,1,1,1,11,1.2,999,11,2,12,0.9482,0.9280
0.3,1,free,18,RSC,overlap,max pairwise top-K overlap,CondA vs CondB,,0.00100000,0.00100000,,,,1,1,1,12,1.2,999,12,0,12,1.004,0.9476
0.3,1,free,19,RSC,overlap,max pairwise top-K overlap,CondA vs CondB,,0.00100000,0.00100000,,,,1,1,1,10,1.2,999,10,4,12,1.098,0.9346
0.4,1,free,0,RSC,overlap,max pairwise top-K overlap,CondA vs CondB,,0.00100000,0.00100000,,,,1,1,1,10,1.2,999,10,4,12,0.9190,0.9296
0.4,1,free,1,RSC,overlap,max pairwise top-K overlap,CondA vs CondB,,0.00100000,0.00100000,,,,1,1,1,8,1.2,999,8,8,12,0.9838,0.8742
0.4,1,free,2,RSC,overlap,max pairwise top-K overlap,CondA vs CondB,,0.00100000,0.00100000,,,,1,1,1,9,1.2,999,9,6,12,0.9951,0.8643
0.4,1,free,3,RSC,overlap,max pairwise top-K overlap,CondA vs CondB,,0.00100000,0.00100000,,,,1,1,1,10,1.2,999,10,4,12,0.9861,0.9274
0.4,1,free,4,RSC,overlap,max pairwise top-K overlap,CondA vs CondB,,0.00100000,0.00100000,,,,1,1,1,11,1.2,999,11,2,12,1.042,0.9094
0.4,1,free,5,RSC,overlap,max pairwise top-K overlap,CondA vs CondB,,0.00100000,0.00100000,,,,1,1,1,10,1.2,999,10,4,12,1.056,0.9102
0.4,1,free,6,RSC,overlap,max pairwise top-K overlap,CondA vs CondB,,0.00100000,0.00100000,,,,1,1,1,10,1.2,999,10,4,12,0.9875,0.8951
0.4,1,free,7,RSC,overlap,max pairwise top-K overlap,CondA vs CondB,,0.00100000,0.00100000,,,,1,1,1,9,1.2,999,9,6,12,0.9620,0.9156
0.4,1,free,8,RSC,overlap,max pairwise top-K overlap,CondA vs CondB,,0.00100000,0.00100000,,,,1,1,1,11,1.2,999,11,2,12,1.115,0.9050
0.4,1,free,9,RSC,overlap,max pairwise top-K overlap,CondA vs CondB,,0.00100000,0.00100000,,,,1,1,1,9,1.2,999,9,6,12,1.103,0.9296
0.4,1,free,10,RSC,overlap,max pairwise top-K overlap,CondA vs CondB,,0.00100000,0.00100000,,,,1,1,1,10,1.2,999,10,4,12,0.8769,0.8873
0.4,1,free,11,RSC,overlap,max pairwise top-K overlap,CondA vs CondB,,0.00100000,0.00100000,,,,1,1,1,11,1.2,999,11,2,12,0.9825,0.8460
0.4,1,free,12,RSC,overlap,max pairwise top-K overlap,CondA vs CondB,,0.00100000,0.00100000,,,,1,1,1,11,1.2,999,11,2,12,1.042,0.9212
0.4,1,free,13,RSC,overlap,max pairwise top-K overlap,CondA vs CondB,,0.00100000,0.00100000,,,,1,1,1,10,1.2,999,10,4,12,0.9437,0.9153
0.4,1,free,14,RSC,overlap,max pairwise top-K overlap,CondA vs CondB,,0.00100000,0.00100000,,,,1,1,1,9,1.2,999,9,6,12,0.9679,0.9210
0.4,1,free,15,RSC,overlap,max pairwise top-K overlap,CondA vs CondB,,0.00100000,0.00100000,,,,1,1,1,10,1.2,999,10,4,12,0.9862,0.9195
0.4,1,free,16,RSC,overlap,max pairwise top-K overlap,CondA vs CondB,,0.00100000,0.00100000,,,,1,1,1,12,1.2,999,12,0,12,0.9848,0.9085
0.4,1,free,17,RSC,overlap,max pairwise top-K overlap,CondA vs CondB,,0.00100000,0.00100000,,,,1,1,1,11,1.2,999,11,2,12,0.9429,0.8758
0.4,1,free,18,RSC,overlap,max pairwise top-K overlap,CondA vs CondB,,0.00100000,0.00100000,,,,1,1,1,11,1.2,999,11,2,12,0.9972,0.9108
0.4,1,free,19,RSC,overlap,max pairwise top-K overlap,CondA vs CondB,,0.00100000,0.00100000,,,,1,1,1,10,1.2,999,10,4,12,1.098,0.8932
0.5,1,free,0,RSC,overlap,max pairwise top-K overlap,CondA vs CondB,,0.00100000,0.00100000,,,,1,1,1,10,1.2,999,10,4,12,0.9196,0.8909
0.5,1,free,1,RSC,overlap,max pairwise top-K overlap,CondA vs CondB,,0.00100000,0.00100000,,,,1,1,1,8,1.2,999,8,8,12,0.9867,0.8132
0.5,1,free,2,RSC,overlap,max pairwise top-K overlap,CondA vs CondB,,0.00100000,0.00100000,,,,1,1,1,8,1.2,999,8,8,12,0.9934,0.8005
0.5,1,free,3,RSC,overlap,max pairwise top-K overlap,CondA vs CondB,,0.00100000,0.00100000,,,,1,1,1,10,1.2,999,10,4,12,0.9791,0.8867
0.5,1,free,4,RSC,overlap,max pairwise top-K overlap,CondA vs CondB,,0.00100000,0.00100000,,,,1,1,1,10,1.2,999,10,4,12,1.038,0.8622
0.5,1,free,5,RSC,overlap,max pairwise top-K overlap,CondA vs CondB,,0.00100000,0.00100000,,,,1,1,1,10,1.2,999,10,4,12,1.054,0.8585
0.5,1,free,6,RSC,overlap,max pairwise top-K overlap,CondA vs CondB,,0.00100000,0.00100000,,,,1,1,1,10,1.2,999,10,4,12,0.9842,0.8393
0.5,1,free,7,RSC,overlap,max pairwise top-K overlap,CondA vs CondB,,0.00100000,0.00100000,,,,1,1,1,9,1.2,999,9,6,12,0.9601,0.8678
0.5,1,free,8,RSC,overlap,max pairwise top-K overlap,CondA vs CondB,,0.00100000,0.00100000,,,,1,1,1,11,1.2,999,11,2,12,1.110,0.8541
0.5,1,free,9,RSC,overlap,max pairwise top-K overlap,CondA vs CondB,,0.00100000,0.00100000,,,,1,1,1,9,1.2,999,9,6,12,1.101,0.8924
0.5,1,free,10,RSC,overlap,max pairwise top-K overlap,CondA vs CondB,,0.00100000,0.00100000,,,,1,1,1,10,1.2,999,10,4,12,0.8746,0.8320
0.5,1,free,11,RSC,overlap,max pairwise top-K overlap,CondA vs CondB,,0.00100000,0.00100000,,,,1,1,1,10,1.2,999,10,4,12,0.9830,0.7705
0.5,1,free,12,RSC,overlap,max pairwise top-K overlap,CondA vs CondB,,0.00100000,0.00100000,,,,1,1,1,11,1.2,999,11,2,12,1.035,0.8782
0.5,1,free,13,RSC,overlap,max pairwise top-K overlap,CondA vs CondB,,0.00100000,0.00100000,,,,1,1,1,9,1.2,999,9,6,12,0.9352,0.8630
0.5,1,free,14,RSC,overlap,max pairwise top-K overlap,CondA vs CondB,,0.00100000,0.00100000,,,,1,1,1,9,1.2,999,9,6,12,0.9589,0.8761
0.5,1,free,15,RSC,overlap,max pairwise top-K overlap,CondA vs CondB,,0.00100000,0.00100000,,,,1,1,1,10,1.2,999,10,4,12,0.9830,0.8738
0.5,1,free,16,RSC,overlap,max pairwise top-K overlap,CondA vs CondB,,0.00100000,0.00100000,,,,1,1,1,11,1.2,999,11,2,12,0.9812,0.8623
0.5,1,free,17,RSC,overlap,max pairwise top-K overlap,CondA vs CondB,,0.00100000,0.00100000,,,,1,1,1,11,1.2,999,11,2,12,0.9371,0.8050
0.5,1,free,18,RSC,overlap,max pairwise top-K overlap,CondA vs CondB,,0.00100000,0.00100000,,,,1,1,1,11,1.2,999,11,2,12,0.9903,0.8594
0.5,1,free,19,RSC,overlap,max pairwise top-K overlap,CondA vs CondB,,0.00100000,0.00100000,,,,1,1,1,10,1.2,999,10,4,12,1.098,0.8385
0.65,1,free,0,RSC,overlap,max pairwise top-K overlap,CondA vs CondB,,0.00100000,0.00100000,,,,1,1,1,10,1.2,999,10,4,12,0.9205,0.8045
0.65,1,free,1,RSC,overlap,max pairwise top-K overlap,CondA vs CondB,,0.00100000,0.00100000,,,,1,1,1,8,1.2,999,8,8,12,0.9917,0.6960
0.65,1,free,2,RSC,overlap,max pairwise top-K overlap,CondA vs CondB,,0.00100000,0.00100000,,,,1,1,1,6,1.2,999,6,12,12,0.9918,0.6802
0.65,1,free,3,RSC,overlap,max pairwise top-K overlap,CondA vs CondB,,0.00100000,0.00100000,,,,1,1,1,9,1.2,999,9,6,12,0.9666,0.7969
0.65,1,free,4,RSC,overlap,max pairwise top-K overlap,CondA vs CondB,,0.00100000,0.00100000,,,,1,1,1,10,1.2,999,10,4,12,1.031,0.7666
0.65,1,free,5,RSC,overlap,max pairwise top-K overlap,CondA vs CondB,,0.00100000,0.00100000,,,,1,1,1,9,1.2,999,9,6,12,1.055,0.7479
0.65,1,free,6,RSC,overlap,max pairwise top-K overlap,CondA vs CondB,,0.00100000,0.00100000,,,,1,1,1,9,1.2,999,9,6,12,0.9794,0.7257
0.65,1,free,7,RSC,overlap,max pairwise top-K overlap,CondA vs CondB,,0.00100000,0.00100000,,,,1,1,1,9,1.2,999,9,6,12,0.9575,0.7628
0.65,1,free,8,RSC,overlap,max pairwise top-K overlap,CondA vs CondB,,0.00100000,0.00100000,,,,1,1,1,11,1.2,999,11,2,12,1.100,0.7466
0.65,1,free,9,RSC,overlap,max pairwise top-K overlap,CondA vs CondB,,0.00100000,0.00100000,,,,1,1,1,8,1.2,999,8,8,12,1.098,0.8122
0.65,1,free,10,RSC,overlap,max pairwise top-K overlap,CondA vs CondB,,0.00100000,0.00100000,,,,1,1,1,9,1.2,999,9,6,12,0.8705,0.7228
0.65,1,free,11,RSC,overlap,max pairwise top-K overlap,CondA vs CondB,,0.00100000,0.00100000,,,,1,1,1,9,1.2,999,9,6,12,0.9841,0.6302
0.65,1,free,12,RSC,overlap,max pairwise top-K overlap,CondA vs CondB,,0.00100000,0.00100000,,,,1,1,1,10,1.2,999,10,4,12,1.028,0.7872
0.65,1,free,13,RSC,overlap,max pairwise top-K overlap,CondA vs CondB,,0.00100000,0.00100000,,,,1,1,1,8,1.2,999,8,8,12,0.9207,0.7440
0.65,1,free,14,RSC,overlap,max pairwise top-K overlap,CondA vs CondB,,0.00100000,0.00100000,,,,1,1,1,7,1.2,999,7,10,12,0.9429,0.7757
0.65,1,free,15,RSC,overlap,max pairwise top-K overlap,CondA vs CondB,,0.00100000,0.00100000,,,,1,1,1,9,1.2,999,9,6,12,0.9773,0.7755
0.65,1,free,16,RSC,overlap,max pairwise top-K overlap,CondA vs CondB,,0.00100000,0.00100000,,,,1,1,1,10,1.2,999,10,4,12,0.9719,0.7674
0.65,1,free,17,RSC,overlap,max pairwise top-K overlap,CondA vs CondB,,0.00100000,0.00100000,,,,1,1,1,10,1.2,999,10,4,12,0.9277,0.6587
0.65,1,free,18,RSC,overlap,max pairwise top-K overlap,CondA vs CondB,,0.00100000,0.00100000,,,,1,1,1,11,1.2,999,11,2,12,0.9799,0.7475
0.65,1,free,19,RSC,overlap,max pairwise top-K overlap,CondA vs CondB,,0.00100000,0.00100000,,,,1,1,1,10,1.2,999,10,4,12,1.098,0.7267
0.8,1,free,0,RSC,overlap,max pairwise top-K overlap,CondA vs CondB,,0.00100000,0.00100000,,,,1,1,1,9,1.2,999,9,6,12,0.9203,0.6614
0.8,1,free,1,RSC,overlap,max pairwise top-K overlap,CondA vs CondB,,0.00100000,0.00100000,,,,1,1,1,7,1.2,999,7,10,12,0.9977,0.5384
0.8,1,free,2,RSC,overlap,max pairwise top-K overlap,CondA vs CondB,,0.00200000,0.00200000,,,,1,1,1,6,1.2,999,6,12,12,0.9908,0.5223
0.8,1,free,3,RSC,overlap,max pairwise top-K overlap,CondA vs CondB,,0.00100000,0.00100000,,,,1,1,1,8,1.2,999,8,8,12,0.9519,0.6512
0.8,1,free,4,RSC,overlap,max pairwise top-K overlap,CondA vs CondB,,0.00100000,0.00100000,,,,1,1,1,10,1.2,999,10,4,12,1.020,0.6273
0.8,1,free,5,RSC,overlap,max pairwise top-K overlap,CondA vs CondB,,0.00100000,0.00100000,,,,1,1,1,9,1.2,999,9,6,12,1.057,0.5788
0.8,1,free,6,RSC,overlap,max pairwise top-K overlap,CondA vs CondB,,0.00100000,0.00100000,,,,1,1,1,8,1.2,999,8,8,12,0.9749,0.5623
0.8,1,free,7,RSC,overlap,max pairwise top-K overlap,CondA vs CondB,,0.00100000,0.00100000,,,,1,1,1,9,1.2,999,9,6,12,0.9550,0.5953
0.8,1,free,8,RSC,overlap,max pairwise top-K overlap,CondA vs CondB,,0.00100000,0.00100000,,,,1,1,1,10,1.2,999,10,4,12,1.089,0.5832
0.8,1,free,9,RSC,overlap,max pairwise top-K overlap,CondA vs CondB,,0.00100000,0.00100000,,,,1,1,1,8,1.2,999,8,8,12,1.095,0.6838
0.8,1,free,10,RSC,overlap,max pairwise top-K overlap,CondA vs CondB,,0.00100000,0.00100000,,,,1,1,1,8,1.2,999,8,8,12,0.8665,0.5701
0.8,1,free,11,RSC,overlap,max pairwise top-K overlap,CondA vs CondB,,0.00100000,0.00100000,,,,1,1,1,8,1.2,999,8,8,12,0.9852,0.4518
0.8,1,free,12,RSC,overlap,max pairwise top-K overlap,CondA vs CondB,,0.00100000,0.00100000,,,,1,1,1,10,1.2,999,10,4,12,1.023,0.6475
0.8,1,free,13,RSC,overlap,max pairwise top-K overlap,CondA vs CondB,,0.00100000,0.00100000,,,,1,1,1,7,1.2,999,7,10,12,0.9050,0.5499
0.8,1,free,14,RSC,overlap,max pairwise top-K overlap,CondA vs CondB,,0.00100000,0.00100000,,,,1,1,1,6,1.2,999,6,12,12,0.9251,0.6113
0.8,1,free,15,RSC,overlap,max pairwise top-K overlap,CondA vs CondB,,0.00100000,0.00100000,,,,1,1,1,7,1.2,999,7,10,12,0.9689,0.6219
0.8,1,free,16,RSC,overlap,max pairwise top-K overlap,CondA vs CondB,,0.00100000,0.00100000,,,,1,1,1,10,1.2,999,10,4,12,0.9597,0.6262
0.8,1,free,17,RSC,overlap,max pairwise top-K overlap,CondA vs CondB,,0.00100000,0.00100000,,,,1,1,1,8,1.2,999,8,8,12,0.9187,0.4519
0.8,1,free,18,RSC,overlap,max pairwise top-K overlap,CondA vs CondB,,0.00100000,0.00100000,,,,1,1,1,10,1.2,999,10,4,12,0.9701,0.5731
0.8,1,free,19,RSC,overlap,max pairwise top-K overlap,CondA vs CondB,,0.00100000,0.00100000,,,,1,1,1,11,1.2,999,11,2,12,1.098,0.5640
0.9,1,free,0,RSC,overlap,max pairwise top-K overlap,CondA vs CondB,,0.00100000,0.00100000,,,,1,1,1,9,1.2,999,9,6,12,0.9183,0.4996
0.9,1,free,1,RSC,overlap,max pairwise top-K overlap,CondA vs CondB,,0.00100000,0.00100000,,,,1,1,1,7,1.2,999,7,10,12,1.002,0.3916
0.9,1,free,2,RSC,overlap,max pairwise top-K overlap,CondA vs CondB,,0.00100000,0.00100000,,,,1,1,1,6,1.2,999,6,12,12,0.9892,0.3786
0.9,1,free,3,RSC,overlap,max pairwise top-K overlap,CondA vs CondB,,0.00100000,0.00100000,,,,1,1,1,7,1.2,999,7,10,12,0.9414,0.4893
0.9,1,free,4,RSC,overlap,max pairwise top-K overlap,CondA vs CondB,,0.00100000,0.00100000,,,,1,1,1,10,1.2,999,10,4,12,1.013,0.4864
0.9,1,free,5,RSC,overlap,max pairwise top-K overlap,CondA vs CondB,,0.00100000,0.00100000,,,,1,1,1,9,1.2,999,9,6,12,1.059,0.4053
0.9,1,free,6,RSC,overlap,max pairwise top-K overlap,CondA vs CondB,,0.00100000,0.00100000,,,,1,1,1,8,1.2,999,8,8,12,0.9722,0.4023
0.9,1,free,7,RSC,overlap,max pairwise top-K overlap,CondA vs CondB,,0.00100000,0.00100000,,,,1,1,1,7,1.2,999,7,10,12,0.9529,0.4159
0.9,1,free,8,RSC,overlap,max pairwise top-K overlap,CondA vs CondB,,0.00100000,0.00100000,,,,1,1,1,10,1.2,999,10,4,12,1.081,0.4147
0.9,1,free,9,RSC,overlap,max pairwise top-K overlap,CondA vs CondB,,0.00100000,0.00100000,,,,1,1,1,10,1.2,999,10,4,12,1.094,0.5402
0.9,1,free,10,RSC,overlap,max pairwise top-K overlap,CondA vs CondB,,0.00100000,0.00100000,,,,1,1,1,8,1.2,999,8,8,12,0.8642,0.4225
0.9,1,free,11,RSC,overlap,max pairwise top-K overlap,CondA vs CondB,,0.00100000,0.00100000,,,,1,1,1,8,1.2,999,8,8,12,0.9850,0.2954
0.9,1,free,12,RSC,overlap,max pairwise top-K overlap,CondA vs CondB,,0.00100000,0.00100000,,,,1,1,1,8,1.2,999,8,8,12,1.023,0.4992
0.9,1,free,13,RSC,overlap,max pairwise top-K overlap,CondA vs CondB,,0.00100000,0.00100000,,,,1,1,1,7,1.2,999,7,10,12,0.8949,0.3441
0.9,1,free,14,RSC,overlap,max pairwise top-K overlap,CondA vs CondB,,0.00100000,0.00100000,,,,1,1,1,6,1.2,999,6,12,12,0.9130,0.4308
0.9,1,free,15,RSC,overlap,max pairwise top-K overlap,CondA vs CondB,,0.00100000,0.00100000,,,,1,1,1,7,1.2,999,7,10,12,0.9610,0.4588
0.9,1,free,16,RSC,overlap,max pairwise top-K overlap,CondA vs CondB,,0.00100000,0.00100000,,,,1,1,1,9,1.2,999,9,6,12,0.9497,0.4802
0.9,1,free,17,RSC,overlap,max pairwise top-K overlap,CondA vs CondB,,0.00100000,0.00100000,,,,1,1,1,8,1.2,999,8,8,12,0.9142,0.2601
0.9,1,free,18,RSC,overlap,max pairwise top-K overlap,CondA vs CondB,,0.00100000,0.00100000,,,,1,1,1,10,1.2,999,10,4,12,0.9640,0.3920
0.9,1,free,19,RSC,overlap,max pairwise top-K overlap,CondA vs CondB,,0.00100000,0.00100000,,,,1,1,1,11,1.2,999,11,2,12,1.097,0.4025
1,1,free,0,RSC,overlap,max pairwise top-K overlap,CondA vs CondB,,0.00100000,0.00100000,,,,1,1,1,8,1.2,999,8,8,12,0.9109,0.01724
1,1,free,1,RSC,overlap,max pairwise top-K overlap,CondA vs CondB,,0.00100000,0.00100000,,,,1,1,1,7,1.2,999,7,10,12,1.008,0.03295
1,1,free,2,RSC,overlap,max pairwise top-K overlap,CondA vs CondB,,0.00100000,0.00100000,,,,1,1,1,7,1.2,999,7,10,12,0.9826,0.03455
1,1,free,3,RSC,overlap,max pairwise top-K overlap,CondA vs CondB,,0.00100000,0.00100000,,,,1,1,1,9,1.2,999,9,6,12,0.9322,0.01495
1,1,free,4,RSC,overlap,max pairwise top-K overlap,CondA vs CondB,,0.00100000,0.00100000,,,,1,1,1,10,1.2,999,10,4,12,1.005,0.1005
1,1,free,5,RSC,overlap,max pairwise top-K overlap,CondA vs CondB,,0.00100000,0.00100000,,,,1,1,1,9,1.2,999,9,6,12,1.061,-0.04452
1,1,free,6,RSC,overlap,max pairwise top-K overlap,CondA vs CondB,,0.00100000,0.00100000,,,,1,1,1,8,1.2,999,8,8,12,0.9709,-0.003796
1,1,free,7,RSC,overlap,max pairwise top-K overlap,CondA vs CondB,,0.00100000,0.00100000,,,,1,1,1,7,1.2,999,7,10,12,0.9460,-0.06664
1,1,free,8,RSC,overlap,max pairwise top-K overlap,CondA vs CondB,,0.00100000,0.00100000,,,,1,1,1,11,1.2,999,11,2,12,1.075,-0.02975
1,1,free,9,RSC,overlap,max pairwise top-K overlap,CondA vs CondB,,0.00100000,0.00100000,,,,1,1,1,10,1.2,999,10,4,12,1.092,0.09450
1,1,free,10,RSC,overlap,max pairwise top-K overlap,CondA vs CondB,,0.00100000,0.00100000,,,,1,1,1,9,1.2,999,9,6,12,0.8616,0.04549
1,1,free,11,RSC,overlap,max pairwise top-K overlap,CondA vs CondB,,0.00100000,0.00100000,,,,1,1,1,7,1.2,999,7,10,12,0.9804,-0.05620
1,1,free,12,RSC,overlap,max pairwise top-K overlap,CondA vs CondB,,0.00100000,0.00100000,,,,1,1,1,8,1.2,999,8,8,12,1.031,0.07399
1,1,free,13,RSC,overlap,max pairwise top-K overlap,CondA vs CondB,,0.00100000,0.00100000,,,,1,1,1,5,1.2,999,5,14,12,0.8914,-0.1681
1,1,free,14,RSC,overlap,max pairwise top-K overlap,CondA vs CondB,,0.00100000,0.00100000,,,,1,1,1,7,1.2,999,7,10,12,0.9022,-0.06633
1,1,free,15,RSC,overlap,max pairwise top-K overlap,CondA vs CondB,,0.00100000,0.00100000,,,,1,1,1,7,1.2,999,7,10,12,0.9452,0.007652
1,1,free,16,RSC,overlap,max pairwise top-K overlap,CondA vs CondB,,0.00100000,0.00100000,,,,1,1,1,6,1.2,999,6,12,12,0.9304,0.07281
1,1,free,17,RSC,overlap,max pairwise top-K overlap,CondA vs CondB,,0.00100000,0.00100000,,,,1,1,1,7,1.2,999,7,10,12,0.9188,-0.1638
1,1,free,18,RSC,overlap,max pairwise top-K overlap,CondA vs CondB,,0.00100000,0.00100000,,,,1,1,1,10,1.2,999,10,4,12,0.9584,-0.07539
1,1,free,19,RSC,overlap,max pairwise top-K overlap,CondA vs CondB,,0.00100000,0.00100000,,,,1,1,1,10,1.2,999,10,4,12,1.092,-0.01047
1,1,paired,0,RSC,overlap,max pairwise top-K overlap,CondA vs CondB,,0.550000,0.550000,,,,1,1,1,8,1.2,999,8,8,12,0.9109,0.01724
1,1,paired,1,RSC,overlap,max pairwise top-K overlap,CondA vs CondB,,0.958000,0.958000,,,,1,1,1,7,1.2,999,7,10,12,1.008,0.03295
1,1,paired,2,RSC,overlap,max pairwise top-K overlap,CondA vs CondB,,0.967000,0.967000,,,,1,1,1,7,1.2,999,7,10,12,0.9826,0.03455
1,1,paired,3,RSC,overlap,max pairwise top-K overlap,CondA vs CondB,,0.853000,0.853000,,,,1,1,1,9,1.2,999,9,6,12,0.9322,0.01495
1,1,paired,4,RSC,overlap,max pairwise top-K overlap,CondA vs CondB,,0.373000,0.373000,,,,1,1,1,10,1.2,999,10,4,12,1.005,0.1005
1,1,paired,5,RSC,overlap,max pairwise top-K overlap,CondA vs CondB,,0.897000,0.897000,,,,1,1,1,9,1.2,999,9,6,12,1.061,-0.04452
1,1,paired,6,RSC,overlap,max pairwise top-K overlap,CondA vs CondB,,0.787000,0.787000,,,,1,1,1,8,1.2,999,8,8,12,0.9709,-0.003796
1,1,paired,7,RSC,overlap,max pairwise top-K overlap,CondA vs CondB,,0.261000,0.261000,,,,1,1,1,7,1.2,999,7,10,12,0.9460,-0.06664
1,1,paired,8,RSC,overlap,max pairwise top-K overlap,CondA vs CondB,,0.00200000,0.00200000,,,,1,1,1,11,1.2,999,11,2,12,1.075,-0.02975
1,1,paired,9,RSC,overlap,max pairwise top-K overlap,CondA vs CondB,,0.843000,0.843000,,,,1,1,1,10,1.2,999,10,4,12,1.092,0.09450
1,1,paired,10,RSC,overlap,max pairwise top-K overlap,CondA vs CondB,,0.892000,0.892000,,,,1,1,1,9,1.2,999,9,6,12,0.8616,0.04549
1,1,paired,11,RSC,overlap,max pairwise top-K overlap,CondA vs CondB,,0.408000,0.408000,,,,1,1,1,7,1.2,999,7,10,12,0.9804,-0.05620
1,1,paired,12,RSC,overlap,max pairwise top-K overlap,CondA vs CondB,,1.00000,1.00000,,,,1,1,1,8,1.2,999,8,8,12,1.031,0.07399
1,1,paired,13,RSC,overlap,max pairwise top-K overlap,CondA vs CondB,,1.00000,1.00000,,,,1,1,1,5,1.2,999,5,14,12,0.8914,-0.1681
1,1,paired,14,RSC,overlap,max pairwise top-K overlap,CondA vs CondB,,0.954000,0.954000,,,,1,1,1,7,1.2,999,7,10,12,0.9022,-0.06633
1,1,paired,15,RSC,overlap,max pairwise top-K overlap,CondA vs CondB,,0.288000,0.288000,,,,1,1,1,7,1.2,999,7,10,12,0.9452,0.007652
1,1,paired,16,RSC,overlap,max pairwise top-K overlap,CondA vs CondB,,0.913000,0.913000,,,,1,1,1,6,1.2,999,6,12,12,0.9304,0.07281
1,1,paired,17,RSC,overlap,max pairwise top-K overlap,CondA vs CondB,,1.00000,1.00000,,,,1,1,1,7,1.2,999,7,10,12,0.9188,-0.1638
1,1,paired,18,RSC,overlap,max pairwise top-K overlap,CondA vs CondB,,1.00000,1.00000,,,,1,1,1,10,1.2,999,10,4,12,0.9584,-0.07539
1,1,paired,19,RSC,overlap,max pairwise top-K overlap,CondA vs CondB,,0.390000,0.390000,,,,1,1,1,10,1.2,999,10,4,12,1.092,-0.01047
